Target,Submission Date,Difficulty,Quaternary State of Target,# of Monomeric Models (Homo_oligomeric),ref. PDB [Chain],Sequence Length (residues),Method,Resolution,pLDDT_Fold,PAE_Fold,pTM_Fold,RMSD_Fold,pLDDT_Protenix,PAE_Protenix,pTM_Protenix,RMSD_Protenix,PAE_Chai,pTM_Chai,RMSD_Chai,Seq.
2024_11_09_00000027_1,2024_11_09,0,0,40,8r28 [A],121,X_RAY DIFFRACTION,1.807,"86,90","7,05","0,79",0.4545,34.58,4.56,0.93,0.3837,"6,57","0,81",0.4890,MAPQGPPIPVLGGWQKKTPVDNEQYKELAHFAVSKQVEGREFFDTVLEVTDVETQVVAGTNYRITFKIAESTCRVTETYSKETCLPKTRDVKSTCTAVITEPLNNERFVHSFTCGGAAASK
2024_11_09_00000054_1,2024_11_09,0,0,37,8umz [A],230,X_RAY DIFFRACTION,1.63,"86,92","12,76","0,56",6.8743,37.26,5.8,0.85,1.2764,"6,09","0,81",0.9951,MDENNQSPYFTMPSYQGYILESAPVGATISESLNLTTPLRIVALDKDIEDTKDPELHLFLNDYTSVFTVTPTGITRYLTLLQPVDREEQQTYTFLITAFDGVQESEPVVVNIRVMDANDNAPVFDPYLPRNLSVVEEEANAFVGQVRATDPDAGINGQVHYSLGNFNNLFRITSNGSIYTAVKLNREARDHYELVVVATDGAVHPRHSTLTLYIKVLDIDDNLEHHHHHH
2024_11_09_00000055_1,2024_11_09,0,0,33,8uwt [A],408,X_RAY DIFFRACTION,1.55,"95,11","3,26","0,95",0.3273,54.69,3.47,0.96,0.4179,"4,47","0,94",0.5063,MATTLTVDCRATLRGVTHCASGSLYGVTESKPFDINQFVAPLKPNVFTNPALAGFNHQQPIGAAIPTAGRLKNTTGKVMIRLADIFPRWPYGFTNMNDWLGKVTSVINQKKASGYSNFYGYEIWNEPDGTFKNNNVSFNDMWLQTYKLIRRLDPNSQIIGPSYSYYNHYNMNAFLNFCRANNCLPDVICWHELGGSQNISGNIRDLKTLERSLGIPERKIAINEYSDSNHYAEGQPGASAPFIAKFERNKVDSACISWWWTNAPGRLGSLMASDTQKGAGWWFYKWYGDMTGNMVNVIPQNDNSNLADGFACVDSNAKYISVLLGGVNDGTVNVNIKNIPAFIGSSATVKVEKVDWNGKDTPVNGTNTVFSKRYTVSNGTINVSIPGTNNTSGYRVYVSRLEHHHHHH
2024_11_02_00000068_1,2024_11_02,0,0,33,8otu [B],320,X_RAY DIFFRACTION,1.4,"86,36","8,64","0,84",0.2408,48.54,6.28,0.92,0.2544,"8,03","0,86",0.5434,MSSIIKRKLASLFAFSAAMLLSTSVWSMNPGDVPDTCEGDCGYARGPDPTESFLEADSGPYTIATSNVSSLVRGFGGGTIYYPVNAEGTMAAIVVIPGYMSYQSSISFWGPRLASHGFVVMTIDTNRISDQPPSRRDQIEAALEYLVDQSNSSRSPINGMVDPNRLGAVGWSMGGGGTLRLAADDGIQAAIGLAPWNTSSLGFRSIETPTLIFACERDSIAPVRSHASPFYNAIPSSTDKAYFEISGGNHYCANGSNRYDALLGKYGVAWMKLHLDQDQRYAPFLCGPNHERDRQISEHRSTCPFVDKLAAALEHHHHHH
2024_11_02_00000074_1,2024_11_02,1,0,33,8qj6 [A],97,X_RAY DIFFRACTION,1.55,"74,48","12,68","0,64",0.4486,30.33,5.6,0.86,0.4922,"10,63","0,64",0.5142,MKFKLNLITLALLANTGLAVAADGDGQGLYAANCAACHGALATSEKKGTTLARLQSAVSANAGGMGFLSSLTSAQLQAIVDVLAVAGSGWSHPQFEK
2024_11_02_00000158_1,2024_11_02,0,0,33,8vga [B],373,X_RAY DIFFRACTION,2.57602,"79,81","8,28","0,81",0.8069,38.36,10.49,0.83,0.9689,"5,99","0,88",0.9758,MGSLCSKGQPVAQEEDEERERELTRQLKQEDRIEKNVYKLLLLGSGESGKSTIFKQIKLLYNTGFGVEELKNYTPVIHANVYQAIKILYEGCLDLQKKDVSGEYTMRRENMEHGKRIAEIGDGVDYHPIGLLESDLIAQIWSDPAIQATYRKANELQLPDCTEYFLSGVDRLAKPDYIPTEEDILHARVRTTGIADVVFKHDGHTYRVFDVGGQRNERRKWLHLFDGVKAVIFCAALSEYDQNLFEDEGKNRMVETMELFESVLRHPSFEKTSFLVFLNKYDIFRKKVLSVPLNVCEVFRDYNEVQGDQERKISHALQYIKNKFDEIYKRNTPGLGTQRLCWLFETTALDPRIMKYTFELVDKNLVVSSISLL
2024_11_02_00000159_1,2024_11_02,1,0,32,8vgb [D],383,X_RAY DIFFRACTION,2.99,"81,06","8,05","0,84",2.744,38.74,9.86,0.88,2.6245,"6,68","0,86",2.7199,MASMGSSCSRSHSLSEAETTKNAKSADIDRRILQETKAEQHIHKLLLLGAGESGKSTIFKQIKLLFQTGFDEAELRSYTSVIHANVYQTIKILYEGAKELSQVESDSSKYVISPDNQEIGEKLSDIDGRLDYPLLNKELVLDVKRLWQDPAIQETYLRGSILQLPDCAQYFMENLVRLAEAGYVPTKEDVLYARVRTNGVVQIQFSPVGENKRGGEVYRLYDVGGQRNERRKWIHLFEGVNAVIFCAAISEYDQMLFEDETKNRMMETKELFDWVLKQRCFEKTSFILFLNKFDICEKKIQKVPLSVCEWFKDYQPIAPGKQEVEHAYEFVKKKFEELYFQSSKPDRVDRVFKIYRTTALDQKLVKKTFKLIDESMRRSREGT
2024_11_02_00000176_1,2024_11_02,0,0,29,8web [A],712,X_RAY DIFFRACTION,1.95,"88,16","7,88","0,87",1.16,46.7,7.99,0.89,0.9134,"7,07","0,91",0.9828,MNKTNPERKISLTSFKERMACKEKPRDLQVLLIISIVLSCSFAVSATVEEANALLKWKSTFTNQTSSSKLSSWVNPNTSSFCTSWYGVACSLGSIIRLNLTNTGIEGTFEDFPFSSLPNLTFVDLSMNRFSGTISPEWGRFSKLEYFDLSINQLVGEIPPELGKLSNLDTLHLVENKLNGSIPSEIGRLTKVTEIAIYDNLLTGPIPSSFGNLTKLVNLYLFINSLSGSIPSEIGNLPNLRELCLDRNNLTGKIPSSFGNLKNVTLLNMFENQLSGEIPPEIGNMTALDTLSLHTNKLTGPIPSTLGNIKTLAVLHLYLNQLNGSIPPELGEMESMIDLEISENKLTGPVPDSFGKLTALEWLFLRDNQLSGPIPPGIANSTELTVLQLDTNNFTGFLPDTICRGGKLENLTLDDNHFEGPVPKSLRDCKSLIRVRFKGNSFSGDISEAFGVYPTLNFIDLSNNNFHGQLSANWEQSQKLVAFILSNNSITGAIPPEIWNMTQLSQLDLSSNRITGELPESISNINRISKLQLNGNRLSGKIPSGIRLLTNLEYLDLSSNRFSFEIPPTLNNLPRLYYMNLSRNDLDQTIPEGLTKLSQLQMLDLSYNQLDGEISSQFRSLQNLERLDLSHNNLSGQIPPSFKDMLALTHVDVSHNNLQGPIPDNAAFRNAPPDAFEGNKDLCGSVNTTQGLKPCSITSSEFHHHHHHHHHH
2024_11_02_00000181_1,2024_11_02,0,0,28,8weg [A],702,X_RAY DIFFRACTION,2.85,"89,32","7,51","0,88",1.0601,47.68,7.69,0.89,1.2078,"6,47","0,92",1.0369,MACKDKPRGDDLHFLLIIFTILSCSLTASATVSEANALLKWKSTFTNQTSSSKLSSWVNPNTSFCRSWYGVSCVRNSIIRLNLTNTDIEGTFQDFPFSALPNLSYVDLSMNRFSGTIPPQFGDFSKLIYFDLSINQLVGEIPSELGKLSNLETLHLVENKLNGSIPSEIGRLTKLHEIALYDNLLTGPIPSSFGNLTNLANLYLFINSLSGPIPPELGNLSSLAELCLDRNKLTGQIPSSFGKLKNVTLLNMFENNLTGEIPPEIGDMSALDTLSLHTNNLTGSIPSSLGNLKNLAILHLYLNKLTGSIPEELGDMETMIDLEISENKLTGPVPGSFGKLTKLEWLFLRDNHLSGPIPPGIANSSVLTVLQLDTNNFTGVLPETICRSGKLENLTLDDNLLSGPIPISLTNCKSLIRARFKGNSFSGDISESFGEYPNLNFIDLSNNKFRGQISPKWEKSRKLVAFIATDNNITGPIPPEIWNMTQLNQLDLSSNNISGELPETISKLTRVSKLQLNGNQLSGRIPSGIRSLANLEYLDLSSNRFSFQIPATLDSLPRLYYMNLSRNDLDQNIPMGLTKLSQLQTLDLSHNNLDGEIPSQFTSLQNLEKLYLQHNNLSGPIPSSFSEMKSLTHVDVSHNNLEGPIPDNAAFKNARPDALEGNRDLCGSNTTQGLKPCEITPSGKKKSNKDEFHHHHHHHHHH
2024_11_02_00000207_1,2024_11_02,1,0,34,8x0r [A],63,SOLUTION NMR,0.0,"94,40","1,91","0,86",1.6968,33.72,1.9,0.95,1.552,"4,04","0,76",2.1454,AHIDCDKECNRRCSKASAHDRCLKYCGICCEKCNCVPPGTYGNEDSCPCYANLKNSKGGHKCP
2024_11_02_00000286_1,2024_11_02,0,0,21,9b99 [A],733,X_RAY DIFFRACTION,2.12,"88,91","5,57","0,93",0.5696,48.73,7.2,0.92,0.7209,"6,73","0,91",1.4710,MCKAIYNPEKGLLKHSDLQLEDDKYSDLQLVDEKHTIKRSVESIKSALSLVDDGDLTLSAYDTAWVALIEDVNGRSGFPQFPSCLQWIVSQQLPDGSWGEPLMFLAFDRLLNTLASVVALTKWNIRPDICQKGMKYVLENLNKLVDEKEEHMTPGFELLFPKLIELAQKLDIKMPMDSPALKELYARRDTKLAKIPKKIFHKMPTILLYSLEGMNDLEWDKLLKLKSENGSFLCSPAATAFAFMETKDQDCLAYLTDLVAKFNGGVPTFYPTDMYEQIWIVDRLQRLGIAHYFSSEINNFVDHIYRYWDQKGISFARKCNLPDIDDTAMGFRVLRTHGYQVSSDVFQHFEKDGQFYCYWGQTAEAVTVMFNLYRASQVLFPGEKILDNAKKFAHNFLTEKVATNQVFDKWIITKDILGEVQYALDVPWYASLPRLEARYYLDQYAGDGDVWIAKTLYRLKYVSNNEYLETAKLDYNHCQKIHKLEWSYIQKWFLDLKIEESINTRTLWSYYQAAASIFHPERYNERLAWAKTNVLVDTITTFFSKQQMSKDDIQGFVNQLTNTENQQTYGKMSHMLIDALNETLKHISMKARETHGIDIYPHLQSSWKKWLLSCMNGPNVAGVAELIVETINLTSGRSFSNDLLSHPQYKQITSITNDLCHQLCSKGNRAIGSEIESKMQELVQLVFSDSSDGLDPDVKKTYLVVAKSFYYMAYFDAKTIDSHINKVLFEMVV
2024_10_26_00000081_1,2024_10_26,1,0,33,8tg0 [A],92,SOLUTION NMR,0.0,"85,47","6,78","0,76",1.4272,35.77,4.28,0.91,1.337,"5,99","0,80",1.5253,GHMSGDNGGGERRKGSVKWFDTQKGFGFITPDDGGDDLFVHQSSIRSEGFRSLAAEEAVEFEVEIDNNNRPKAIDVSGPDGAPVQGNSGGGS
2024_10_26_00000124_1,2024_10_26,1,0,33,8vwl [C],285,X_RAY DIFFRACTION,3.67,"87,21","7,32","0,85",0.821,40.32,4.85,0.93,1.1915,"6,44","0,88",1.0512,MKYQVLTVGNPNSGKTTLFNGLTGAKQQVGNWAGVTVEKKTGSFVHAGDEFSLTDLPGIYALDSGNDSNSIDESIASRAVLTHPADVIINVVDATCLERSLYMTLQLRELRRPMIVVLNKMDALKRERVHLDLKQLEAFLGCPVLALSANNKEQVRRFKEKLHKLLVQGIALKQIELHYGAEFESLIHELEPMFAEQAVSARALAIRALENDRLVINGLKEAERQNVEQRQHECQVDIDLLVANVRYTYLHELCTHVRRTEGKLSHKFTEKAKLAAALEHHHHHH
2024_10_26_00000149_1,2024_10_26,0,0,34,8wxk [A],332,X_RAY DIFFRACTION,2.26,"95,90","1,99","0,97",0.3663,51.15,3.24,0.95,0.3702,"3,08","0,95",0.4752,MSPGKPSILVTGGAGYIGSHTVLALKQAGYDVVILDNLVYGHRDLVEKVLQVELVVGDTGDRPLLDELFKSRHFDAVMHFSAYAYVGESVSDPAKYYRNNVLGTLTLLEAMLAASINKFVFSSTCATYGVPKTVPIPEDHPQNPINPYGATKLMVERILADFDVAYGLKSVRFRYFNAAGANPDGLLGEDHNPETHLIPLVLLTALGKRKFISIFGTDYPTPDGTCIRDYIHVNDLADAHVLGLKYLLKGGDSEVFNLGNGQGFSVREVIAAGEQVTGLPITVEECDRRPGDPPSLIGSGEKARKILGWQPQYSSIKDIVSHAWQWHQKRHQ
2024_10_19_00000097_1,2024_10_19,1,0,37,8xfx [A],508,X_RAY DIFFRACTION,2.3,"86,70","6,58","0,85",21.8392,48.03,12.36,0.82,0.6625,"7,74","0,83",0.7045,MKRMEANKIKLINEDNLRLDGRSFNELRPIKIQAGVLNRADGSAYIEWGGNKIMVGVYGPKEAYPKHSQDIDHAIVKARYNMAAFSVDERKRPGPDRRTMEISKVISEALSSSIMIEQFPRAEIDVYIEVLQADAGTRIAGLTAATVALADAGVPMRDMVVGCTAGKVDGHMVLDLSKEEDNYGEADIPIAIMPKTGDIVLMQMDGDVTEDELYQAMDMIFEATKRISQIQREALLNKYKIQDIGEGEMVKESAEILSEIRKNYILSTMKGGKRIDGRLPDEFRELTIIENYIPRANGSAYVALGNTRVVAGVKIEAGEPFPDTPDQGVLTTNVELLPIAFPSFEAGPPNDLAIEVSRVVDRGIRESKMISPEKLVIEQGKKVWIVFLDINVLDYDGNLIDASTIAAVAALRNAVVPASKEGGEDFKLPVSSTPISVTMVKIGDTLVCDPSLEEDQICGGRITVTTTEDGHIRAMQKGEIGAFTVEDVKKAVKMSLEVGKKLREKYFR
2024_10_12_00000069_1,2024_10_12,0,0,33,8rdl [A],244,X_RAY DIFFRACTION,2.1,"92,50","2,94","0,93",0.3848,45.5,3.45,0.95,0.6053,"3,10","0,95",0.5393,SEIHYDSIGEGYEHFYNSVPQRKVEVRTLFDMVGDVQGKSVLDLACGYGYFGRELYHRGASKVVGVDISEKMIALAKKKSTEYGDNIEFHVANVSDMQLNEKFDIITATFLFHYAKSIVELESMFRSVANHLKPSGKLVAYMAAPDYQLEKGNCHNYGLNILSEEPLQGGFIHQVEFITTPPILLTFYRWDRETYKNAIHKAGFGHFEWRKPMVLESDIERYPAGFWDTYQQNCMHTGLTCWMP
2024_10_12_00000093_1,2024_10_12,2,0,38,8s89 [A],402,X_RAY DIFFRACTION,2.1,"85,38","5,23","0,87",0.931,47.52,3.31,0.96,0.9051,"3,49","0,94",0.8202,MSKAELAAMSEAEFRALLQGKKETLKNIIKELDEKIKELLEEHPDLSLEEKLAELLRFFVEVFSKNFSPEAAVTFYQNFYELLRTYAAVLHGEEAVPPPLVMTPELAAEIIALFQAATESEEGLEAFIAFVLGDPALQKLIDMLGKDKVVILSLFAIAFIKTAVDSALEEADKLGAAALELAEENRGTAEGERHLQFYAATQGLKAWLKELEITETTKIFDDLIEERPELAAELEAVRDRVMGALLDEVLAEVDATVAAVLARLRALAEALDPKVRLTSVAVEVAWTEDGLLTVTVDVRTESGPLGATPEEIAEAQWAISRLLATAAAELSALERVLETLLKHVAEADKARVEAALARVETTRAGLIDIFREAAAAQAAGSPRTLAEIAAARLAALLAALAG
2024_10_12_00000177_1,2024_10_12,0,0,41,9b3g [A],119,X_RAY DIFFRACTION,1.55,"94,15","5,32","0,70",1.235,27.9,5.09,0.79,1.8536,"4,95","0,74",2.6824,SATNINECASNPCLNQGTCIDDVAGYKCNCLLPYTGATCEVVLAPCAPSPCRNGGECRQSEDYESFSCVCPTGWQGQTCEVDINECVLSPCRHGASCQNTHGGYRCHCQAGYSGRNCET
2024_10_12_00000257_1,2024_10_12,2,0,31,9fdg [A],179,SOLUTION NMR,0.0,"85,42","4,86","0,80",2.679,28.68,3.47,0.91,2.5147,"4,71","0,82",2.4586,QDKPGSAKAGGWTTYNTDNTFKGGSYAKYVLSPNLALKGEYEWNNSSLNSFKAGAEYVATPYLKTEVMTEYNTDNTFRVTVVTEGRYPVDPNLELFPGGWYTWNNSSLNKGAPYTRAEYKLTPDLKLLSQVVYNTDNTFKFDTGLEYKLSPNLKVKFEYGWNNSSLNEFTVQFEYDLSS
2024_10_05_00000007_1,2024_10_05,0,0,38,8j4v [C],149,X_RAY DIFFRACTION,1.11,"89,55","4,38","0,89",0.3352,39.25,4.81,0.93,0.3433,"5,18","0,88",0.3745,VTVGGLVYFSSVSEYTHRFVEKLGLPATRIPLHGRIEVDEPYVLILPTYGGGRATPDINHGGYVPKQVIAFLNNEHNRSLLRGVIAAGNTNFGAEFAYAGNVVSRKCGVPYLYRFELMGTPDDVEAVRAGLADFWKEQTCHLPSQLQSR
2024_10_05_00000011_1,2024_10_05,1,0,36,8jx4 [D],150,X_RAY DIFFRACTION,2.3,"93,42","3,08","0,91",0.3698,41.78,2.82,0.97,0.3994,"3,34","0,93",0.5098,HHMQPQPSLKGHWTTKVIEKIGTFHDATSLYERVKKTCKYKYYYNDQVPNHVAVMRMTTSGINCTDACQLFSKVLEEMGYEVKIEHVRVKCNDGKWYGHYLLRVGGFELKDGTIWDYVSATKTGRPLGVPCCTAGFQHLGWGIVGPVYDK
2024_10_05_00000041_1,2024_10_05,0,0,40,8s8u [B],190,X_RAY DIFFRACTION,2.27,"90,28","5,69","0,77",2.406,36.77,6.88,0.83,1.2648,"6,14","0,75",2.7908,SPRANEIKKGMVLNYNGKLLLVKDIDIQSPTARGAATLYKMRFSDVRTGLKVEERFKGDDIVDTVTLTRRYVDFSYVDGNEYVFMDKEDYTPYTFTKDQIEEELLFMPEGGMPDMQVLTWDGQLLALELPQTVDLEIVETAPGIKGASASARNKPATLSTGLVIQVPEYLSPGEKIRIHIEERRYMGRAD
2024_10_05_00000102_1,2024_10_05,0,0,39,8xet [A],283,X_RAY DIFFRACTION,1.11,"92,29","3,58","0,91",0.5062,47.33,3.52,0.95,0.4944,"4,42","0,89",0.9555,SNTASKSLSPMPQIAGVTYYGDIPKQPKRVVSLASTYTGYLKKLDMNLVGVTSYDKKNPILAKTVKKAKQVAATDLEAITTLKPDLIVVGSTEENIKQLAEIAPVISIEYRKRDYLQVLSDFGRIFNKEGKAKKWLKDWKTKTAAYEKEVKAVTGDKATFTIMGLYEKDVYLFGKDWGRGGEIIHQAFHYDAPEKVKTEVFKQGYLSLSQEVLPDYIGDYVVIAAEDDKTGSALYESKLWQSIPAVKKHHVIKVNANVFYFTDPLSLEYQLETLREAILSSEN
2024_10_05_00000162_1,2024_10_05,0,0,38,9bam [A],591,X_RAY DIFFRACTION,2.05,"90,09","4,25","0,89",1.1338,52.02,5.9,0.94,0.3723,"10,60","0,85",0.5310,MHHHHHHSSGVDLGTENLYFQSNADMMERTNTDKTKVNQLDPNAQLTTSLLQTYGDFSLMDTYRNYITGFTQHFAGGWNVTNYAGAVHHEDDIARRIWDRYYEVAIKNLVDAIHKSEDKANLNAALRIHRVYLLSVLADTYGDIPASEAGLGYISGISNPKYDTVEDLYGWFFTELDACEQQLGTGTDHISGDVTSMGGDVAKWKKYANSLRMRYAMRISDVNPSKGQEEFEKAMNHADGYIASAADDAYIKYADSPYTYYDGANDYDFRTNALGEILYGQDPSSPTFVSSTLFYQLQNTGDPRLYRICRHYYNIKRSQVKPDKEQNIDLTDEVLAYFQRNNIGEEPCNTGSAWYENWMNVADAAEFPTLAKLAEQDANSYDNSDYRARLMRPCLNIDFEMPSCPGILITSAEVDFLLAEAKTKGWNVSGDAESHYEAGVRASMEMLNNYYLTSNKISEDEINAFIANNQLGENPKQTINTQAWILHMMNPSEAWANMRRSDYPALLDRSRLATFPGDGFVYDDPNMSMPTRLRYPELEGQYNSVNYKAAIERMGGTDDWHKKLWWDKSDVNVQGDFNPPYGKGYIKIGSG
2024_10_05_00000205_1,2024_10_05,0,0,34,9dsy [A],311,X_RAY DIFFRACTION,1.35,"96,41","1,95","0,96",0.3869,51.12,3.07,0.95,0.6012,"3,61","0,91",0.5970,SNAADPIVIKFSHVVAEHTPKGQGALLFKKLVEERLPGKVKVEVYPNSSLFGDGKEMEALLLGDVQIIAPSLAKFEQYTKKLQIFDLPFLFDNIQAVDRFQQSPQGKELLTSMQDKGITGLGYWHNGMKQLSANKPLREPKDARGLKFRVQASKVLEEQFKAVRANPRKMSFAEVYQGLQTGVVNGTENPWSNIYSQKMHEVQKYITESDHGVLDYMVITNTKFWNGLPEDVRGVLAKTMDEVTVEVNKQAEALNQGDKQRIVEAKTSEIIELTPEQRAEWRKAMQPVWKKFEGEIGADLIKAAEAANQAQ
2024_10_05_00000251_1,2024_10_05,2,0,33,9isp [A],220,X_RAY DIFFRACTION,2.21,"86,18","9,54","0,73",0.3966,41.87,4.99,0.91,0.4468,"8,57","0,73",0.5893,MSREVKRIGDGLFVTIEPANDVRANEAKVVLAADNVWGDNTGYQFLLDADHNTFGSVIPATGPLFTGTASSDLYSANFEYLIPANADPVVTTQNIIVTGQGEVVIPGGVYDYCITNPEPASGKMWIAGDGGNQPARYDDFTFEAGKKYTFTMRRAGMGDGTDMEVEDDSPASYTYTVYRDGTKIKEGLTETTYRDAGLSAQSHEYCVEVKYTAGVSPKVC
2024_09_28_00000073_1,2024_09_28,1,0,39,8uds [D],167,X_RAY DIFFRACTION,1.5,"81,81","7,70","0,77",0.6219,33.38,6.55,0.85,0.4394,"5,93","0,83",0.6169,MKIANEFTVSVPIEDAWDLLTDLDQVVPLMPGARLTGHDGDDVLGAVKVKVGPVTSEFAGKVHFVEQDREHFRAVIDAKGKETRGTGNAAATVTAQLHEAGTSTRVTVDTDLKVVGKLAQFGSGMLQQVSEKLLGQFVDSLEAKLAGEREKPSETTQGSLEHHHHHH
2024_09_28_00000099_1,2024_09_28,1,0,34,8vwx [A],547,X_RAY DIFFRACTION,1.77,"85,60","9,33","0,78",1.0203,45.16,8.91,0.86,1.2154,"7,69","0,80",2.1464,MHHHHHHHHHHENLYFQGKIEEGKLVIWINGDKGYNGLAEVGKKFEKDTGIKVTVEHPDKLEEKFPQVAATGDGPDIIFWAHDRFGGYAQSGLLAEITPAAAFQDKLYPFTWDAVRYNGKLIAYPIAVEALSLIYNKDLLPNPPKTWEEIPALDKELKAKGKSALMFNLQEPYFTWPLIAADGGYAFKYAAGKYDIKDVGVDNAGAKAGLTFLVDLIKNKHMNADTDYSIAEAAFNKGETAMTINGPWAWSNIDTSAVNYGVTVLPTFKGQPSKPFVGVLSAGINAASPNKELAKEFLENYLLTDEGLEAVNKDKPLGAVALKSYEEELAKDPRIAATMENAQKGEIMPNIPQMSAFWYAVRTAVINAASGRQTVDEALKDAQTAARAAADNREIVMKYIHYKLSQRGYEWDAGDDVEENRTEAPEGTESEVVHLTLRQAVDDFSRRYRRDFAEMSSQLHLTPFTARGRFATVVEELFRDGVNWGRIVAFFEFGGVMCVESVNREMSPLVDNIALWMTEYLNRHLHTWIQDNGGWDAFVELYGPSMR
2024_09_28_00000120_1,2024_09_28,1,0,38,8wj5 [A],140,X_RAY DIFFRACTION,2.0,"88,99","4,84","0,84",0.7383,34.54,4.54,0.94,1.5763,"16,51","0,39",7.2589,GSHMADNNSNSDIVFYGHKTPKSVEIYLSEKNIIYKIINDQKISRGNGHFISIMVNNYRTHCGVVDINLNFFNDILYSVRLKNISKLENMEFCATKQRVYFSDKNKKASYKIINYGDYYDVDYYDNNLKNEVFDWIGKWS
2024_09_28_00000133_1,2024_09_28,0,0,37,8wkc [A],537,X_RAY DIFFRACTION,1.7,"93,18","3,31","0,95",0.4498,49.32,5.31,0.92,0.5708,"4,04","0,94",0.9421,MDGNGASKLDGRKLDVAVIGAGVGGLYALHRVKNELGMNAQGFDDASGVGGTWYWNRYPGCRVDTESTVYTYSFDMDMFQNWEWSERYAKQEEVLGYLNAVADKHGLKEAINFNTRIAKMEWQEEARRWRLTTEAGETVTAKYVIEAVGLLSSSYAPQFPDRDKFKGEVLLASKWPRDEPDLAGKRVGVVGTGSTGIQIITSIADKVGHLHVLQRTPQWVVPLGVGPFPKETREKIKRDPEGFRDWALSTAAVFGFDESTVSALEVSEAERQRVYEEAWQKGNGFAFMLETFSDIPVTPEANKTATDFIKSKIDSIVKDPETARKLTPKEYYAKRPLAADHYYETYNRDNVTLHDVKANPIERFTENGVMVGGEEVELDVLIMATGFDAMTGNYLKIETVGRDGVRLQDEWSDGPHAYAGMSIANFPNLLMVFGPFSPFTSQPLVHEWQVKFLTNMIQTAEEGEGLIETSREAQEEWVRVCQEGMAGTLFEVTDSWINGANIPGKPRTSMWFMGGMGGYMEKMNEIKADNYRGFSIR
2024_09_28_00000162_1,2024_09_28,1,0,39,8xyv [A],109,X_RAY DIFFRACTION,1.81,"88,39","5,01","0,82",0.4061,33.52,3.49,0.93,0.4169,"3,95","0,87",0.3649,MSPEIEDLLKKILELLEKAFALWAEAKKALAEGDLEKAISTLKELIATIEEVIVLTKKALELAEKEGNPEIVEQAKKLLDLAEALLEAAKAELARALSLNPLEHHHHHH
2024_09_28_00000167_1,2024_09_28,0,0,28,8yjo [A],781,X_RAY DIFFRACTION,1.8,"91,87","4,99","0,92",0.4449,57.85,4.53,0.94,0.5432,"5,21","0,91",0.7160,MGSSHHHHHHSQSGSGMTNRISRLKTALFANTREISLERALLYTASHRQTEGEPVILRRAKATAYILEHVEISIRDEELIAGNRTVKPRAGIMSPEMDPYWLLKELDQFPTRPQDRFAISEEDKRIYREELFPYWEKRSMKDFINGQMTDEVKAATNTQIFSINQTDKGQGHIIIDYPRLLNHGLGELVAQMQQHCQQQPENHFYQAALLLLEASQKHILRYAELAETMAANCTDAQRREELLTIAEISRHNAQHKPQTFWQACQLFWYMNIILQYESNASSLSLGRFDQYMLPFYQTSLTQGEDAAFLKELLESLWVKCNDIVLLRSTSSARYFAGFPTGYTALLGGLTENGRSAVNVLSFLCLDAYQSVQLPQPNLGVRTNALIDTPFLMKTAETIRFGTGIPQIFNDEVVVPAFLNRGVSLEDARDYSVVGCVELSIPGRTYGLHDIAMFNLLKVMEICLHENEGNAALTYEGLLEQIRAKISHYITLMVEGSNICDIGHRDWAPVPLLSSFISDCLEKGRDITDGGARYNFSGVQGIGIANLSDSLHALKGMVFEQQRLSFDELLSVLKANFATPEGEKVRARLINRFEKYGNDIDEVDNISAELLRHYCKEVEKYQNPRGGYFTPGSYTVSAHVPLGSVVGATPDGRFAGEQLADGGLSPMLGQDAQGPTAVLKSVSKLDNTLLSNGTLLNVKFTPATLEGEAGLRKLADFLRAFTQLKLQHIQFNVVNADTLREAQQRPQDYAGLVVRVAGYSAFFVELSKEIQDDIIRRTAHQL
2024_09_28_00000244_1,2024_09_28,0,0,38,9f9u [A],170,X_RAY DIFFRACTION,1.68,"91,85","2,65","0,89",1.6635,40.34,3.17,0.94,1.6641,"3,39","0,88",1.6266,MKMKIPLDYVCVRSGLLCNRCQSLIDSGEVFEYEVEIIKILLDLEETQFKELKDSTYHKAYKVDDLLILLVTSGQEMTQQKWIKIARILQEKLNIKVRVLEKTNSIKNSAVQLLSPARVLGVNTVWMPDGSVQYVIRVSRSERRLLPAEAQLLESALTKIHSTPVRIRVE
2024_09_21_00000131_1,2024_09_21,1,0,41,8whn [A],161,X_RAY DIFFRACTION,1.95,"85,38","8,01","0,78",0.994,31.98,4.28,0.92,1.7374,"7,00","0,76",1.9493,GPRKQRKDYEEGEESFIEQSVPIRELTRFVTLIEEKNAILLDIEKADSDLRRKRIQKKVYTKTVKNYQNKLKELNEESIPFKRILMETGGQIQSIIQKLDFLEAEKISVKDSVKLLKDRYKRGKLPSKAAYERLSSDMIKQLASSQNKIDRYINELRAYII
2024_09_21_00000240_1,2024_09_21,1,0,30,9j91 [A],377,X_RAY DIFFRACTION,2.6,"81,92","7,00","0,85",0.6164,48.85,4.57,0.95,0.7751,"5,96","0,90",0.6717,MSSVNFDISMANFAMELYRQSFSNQSNSFFSPYSIVLTLAMTYFGSSGRTKQQLKDRLFSVSDDQLQASLDGIFQSLQGDQHQQEQLTMQLHLANRLFARNNLKLLPAYLTRIQKTFKADVDLVDFSNGAAAAEKINRWVANETKDRIKNLIPPDVLDEMTCLVLVNAIYFKGNWQTRFAPESTSKQYFSVDQNTNKLVDMMHVNDTFRHAEHEQFQILQLPYESSKLAMYVLLPKEKFGLEKLVNQLSGEQLLDSMEAVTSKKVSITFPKFKLEETLPLKKILLQLGLTSMFDHSMADFSMMTGDRSVIVSDAFHKAFIEVNEEGSEASAATAVVAMLRSAQHVAPPAVFIADHPFMFLIADMQTQTILFMGSYRG
2024_09_14_00000064_1,2024_09_14,1,0,39,8qx6 [A],165,X_RAY DIFFRACTION,1.9,"95,19","2,40","0,93",0.4662,45.8,2.28,0.96,0.4087,"4,65","0,89",0.5448,DFALPINFGADIEYTTGANSVPFEVVTNPEQSGINATDTKVGKVTNQGGQYEALTFLLDEAIDFSGSNKTITMKVYSEVAYQVLFKLETGMNGERANEVEVSHSGNGWEELSFNFNNARNSFVQGDDANNGQPFVPTGQYDEISIFLDFAGFTAGDFYIDDIEQN
2024_09_14_00000096_1,2024_09_14,2,0,40,8vd6 [A],185,X_RAY DIFFRACTION,3.7,"77,87","8,63","0,64",4.2862,31.64,8.97,0.69,7.0197,"7,87","0,61",2.7994,LHEAKEREELRREVRELIEEGKTAEEIAEILGLSVDEIKELIGRREVRELIEEGKTAEEIAEILGLSVDEIKELIGRREVRELIEEGKTAEEIAEILGLSVDEIKELIGRREVRELIEEGKTAEEIAEILGLSVDEIKELIGRREVRELIEEGKTAEEIAEILGLSVDEIKELIGEEEIKKIEEK
2024_09_14_00000106_1,2024_09_14,1,0,39,8wcf [A],160,X_RAY DIFFRACTION,1.3,"92,51","3,59","0,90",0.4778,39.32,4.4,0.93,0.6018,"4,29","0,89",0.6380,GASGSMKRKVFYSFHFDNDVMRVQQIRNMGVLEGDEPVSPNTWEQIKRTEQGVKNWINQSLNGKSCLVVLIGSQTANRPWVKYEIERAWKEGKAVVGIYIHRLKCPRNGYGTKGPNPFDQFTFKRGDRVIKPLVYEPNFNDAYSDIKNNLATWIENAIKQ
2024_09_14_00000130_1,2024_09_14,0,0,38,8x8k [C],99,X_RAY DIFFRACTION,2.1,"92,94","2,81","0,88",0.4379,38.39,1.95,0.95,0.4926,"3,93","0,87",0.6594,GSQQVSVRFQVHYVTSTDVQFIAVTGDHECLGRWNTYIPLHYNKDGFWSHSIFLPADTVVEWKFVLVENGGVTRWEECSNRFLETGHEDKVVHAWWGIH
2024_09_07_00000058_1,2024_09_07,1,0,44,8qfb [A],336,X_RAY DIFFRACTION,3.04,"72,67","18,61","0,54",3.1078,42.94,7.36,0.88,0.7111,"12,83","0,69",1.5537,MGSSHHHHHHSSGLVPRGSHMEDFQKHLDGKDENFAATDAIPSNVLRDAVKNGDYITVKVALNSNEEYNLDQEDSSGMTLVMLAAAGGQDDLLRLLITKGAKVNGRQKNGTTALIHAAEKNFLTTVAILLEAGAFVNVQQSNGETALMKACKRGNSDIVRLVIECGADCNILSKHQNSALHFAKQSNNVLVYDLLKNHLETLSRVAEETIKDYFEARLALLEPVFPIACHRLCEGPDFSTDFNYKPPQNIPEGSGILLFIFHANFLGKEVIARLCGPCSVQAVVLNDKFQLPVFLDSHFVYSFSPVAGPNKLFIRLTEAPSAKVKLLIGAYRVQLQ
2024_09_07_00000188_1,2024_09_07,0,0,39,8wae [A],118,X_RAY DIFFRACTION,1.75,"89,50","5,52","0,81",0.3613,38.18,3.52,0.93,0.2936,"4,70","0,85",0.4113,MGAVIGNESITINSPSTNVESDTKVNVTLAYTANATRDIVAEFWSSTGWLGQAVKTVSAGNRTETLTINLNNAPATGSGYVVKASIRPVGTNWTSNIATDQVNGLNVIPALEHHHHHH
2024_09_07_00000209_1,2024_09_07,0,0,38,8wzc [A],163,X_RAY DIFFRACTION,1.925,"88,29","4,64","0,87",0.4194,41.3,3.29,0.95,0.4665,"3,71","0,92",0.4743,SNADLRHIVIDGSNVAMVHGLQHYFSSRGIAIAVQYFWDRGHRDITVFVPQWAFSKDAKVRESHFLQKLYSLSLLSLTPSRVMDGKRISSYDDRFMVKLAEETDGIIVSNDQFRDLAEESEKWMAIIRERLLPFTFVGNLFMVPDDPLGRNGPTLDEFLKKPA
2024_09_07_00000248_1,2024_09_07,0,0,42,8z4q [A],473,X_RAY DIFFRACTION,1.68,"93,89","3,08","0,95",0.4465,55.03,3.5,0.97,0.506,"5,27","0,93",0.7353,MALELASTSEFRFDPERTPGLRHAKNLTDESTRELERVLEENHSNHHIFTTTEDHKGVYFHNHIAHHDITIWALGANPSTIRSQHDRNSLYQRQAMVIQDSVVKDMADPAVYKRCLGREENFLNYCRFFEDEINRIGYQAVLQKYLVDGSEIADDMLCRIYMGYVHGIIHIGMALEFKQARLLAEGFAQAAVHHDWWYTEYLTQSEELARKQEEPALPLSDLIDLARQDDAIRNCSTLYYHLQKRKVTGEMCLDLEPARDGVLKNAGPELRRVAARYRVDPNDLERATAELQNAAVYLTAGAQRPPHICAFDFFLLHSVTSSIGHTMFLAEPSLSNAQKARLLEYTGRVFLLSYAGQGSPEPRLDWLASHPSRLPNQGWDEVFDRACYHEDDGHMCKLIRCMAHAEETSRPYDHLPEFRVKQGLFLTAGIAAIDSGTDKPMDGTKHFDFIRGSGFKEAWERFPLRTGGLVNKL
2024_09_07_00000268_1,2024_09_07,0,0,35,9aue [A],415,X_RAY DIFFRACTION,1.46,"89,56","4,17","0,92",0.6425,50.27,3.92,0.95,0.7154,"5,60","0,90",1.1331,AMIIANADGCTPYEVARGVTIVRGEGAYVYDAEGRGLIDLSNSFGSVMLGHQDPVVTEAVLKTVRSGVPAAASLDLQNHLAEQIAGDLPGDQRVAFFKTGTAATRAAASAARQVTGKRLIASCGYHGYDLMWEFTPPGQPNSEDVLHCYHLPELIDQVLDKHAHELAAVIIAPDYIHVSPEYIADLFERCERVGVVTIADEVKHGYRLRQGASVTEASVVADMYTYAKGISNGWPLSCVAGDERFLKPLAEFVSTLTFEAPSFAAASATLDRLAELDVQAQLAIDGARFVSEAAKMISTRDLPIEMAGTGAAFQFVCAEEVEEVLLPHALAEGLILEPSDQQYPSACFRGEVVDDALERLDRALTTMAAARPDLVGREVTQLDRVNAAFCQMDGLPGRPDGWSLDQCVEYVTAQL
2024_09_07_00000320_1,2024_09_07,1,0,39,9f1g [A],49,SOLUTION NMR,0.0,"80,43","7,61","0,53",1.5126,14.31,2.52,0.83,1.6439,"7,60","0,58",2.0313,NKIALLHKEAEEKRAMIEAKRGEDLLKAEELAAKYRATGTAPKKILGIF
2024_09_07_00000358_1,2024_09_07,0,0,39,9j9a [A],260,X_RAY DIFFRACTION,1.75,"89,66","4,92","0,90",0.3587,47.45,3.8,0.95,0.3912,"8,14","0,83",0.5423,MQTYEESEILKKREKYNAAPSTLSEEVFSKVSNTMKSPYNSVGTVFIKGETIASGVLIGKNTIITNYHVSRMAKKDPTKVIFTPGSTKTEDGVYKTPYGQFVAEEINEHPYGQGTDLSIIKLKPNKDGKSAGDLIPPAKIADSIDLQQGDKISLLGYPYNFSTNSLYRSEIEIFNLNSGQYFGYTESGNSGSGLFNLKGELVGIHVGKGGKYNLPIGKFFNTEIGSLYSVDNSLSTLGSDLKKRAELQSHRSRSHHHHHH
2024_08_31_00000045_1,2024_08_31,1,0,33,8khv [A],614,X_RAY DIFFRACTION,1.9,"93,36","4,48","0,93",1.6317,55.44,4.45,0.95,1.8139,"4,15","0,95",2.0140,MQPSQVSNNGPMPGHPRLLLLSGEEDALKRTISADKTWEKLHQAIVAECDQLVGIEPLKRIQIGRRLLDKSREALRRIFYLSYAWRMTHQLNYLQRAETELLTIAAFSDWNPTHFLDVAEMTMAVSIGYDWLYNDLSEQSRSTIKEAILKKGIEPSMDSKYNSWLRSSNNWNQVCNAGITYGAIAVYEDQPEQSKALISRAVSAVVLPMGDYKPDGAYPEGYSYWGYGTSFNVMLISALDKLFGNDFGLSAQPGFLKTAGYLENMTAPSGNAYNYSDSGLSGELQPAMFWFAKKLNDPSLLWVERSRLMNSNPQNHLRNRLLPAALLWSNGVKVAQMNAPKEAMWVGEGKTPVALMRTSWTDPAAIFVGMKGGSPGTSHAHMDVGSFVMEADGVRWAMDFGMQEYESLESKGVDLWNMKQNSQRWQILRYNNFAHNTLSINDELQAVDGKAPLTAHSSSANFMNAQVDLSSLYKQSIAKANRGIAVVDKAYVVVQDEIETSPAEATVRWTLLTSATVKVTGANQAELTKDGKVLTIQVMEPAQIDFKTWPTEPVYDFDAPNPGTTLVGFEVKLPANTKSVIQVTLTPGSSAGQKKKPVEPLSQWPRLEHHHHHH
2024_08_31_00000046_1,2024_08_31,1,0,32,8khw [A],618,X_RAY DIFFRACTION,2.4,"93,08","4,85","0,92",1.795,55.29,4.8,0.94,2.0565,"4,61","0,94",2.1678,MCISAQEGDSKKVKDRVHPYLIMTTEDESVIRSAIQTDGVWKEYHAIMIEEADNILGKPNCQRVILGRRLLEVSRECLRRTLLLGYAYRMTGEVKYAKRAESELDNAADFVDWNPSHFLDVAEMTTAMAIGYDWLYNFISDQTKLKIEKAIETKGLNPSLDSQYNSWLYRNNNWNQVCNGGITLGALAIYDKIPTLADELINRAVQSVKLPMSVYAPDGAYAEGYSYWGYGTTYNLLLIDALENVMGTDYNLSQEPGFLNTGKFIQNMLLSDGKSFNYGDCSSSGRVSPAMFWFANRTADKDILWSEKYQFSLSSKKSIRSYRYAVLALIWGASTSMDNLPKPTQRMWVSSKTTTPVALMRTTWDYQQGLSIALKGGTAQSGHTHLDAGSFIFISKDTRWSTDLGPQDYNSLESKGIDLWNKSQESDRWKVFRYNNLAHNTLSFDNKYQNVNGYATITDFSDNENYMYAIADLTKIYEGQAKEVKRGVAIVDSHYAAVRDEVKTLGQPTVIRWNMVTEAQPAIIGEHTIQLSQNGEKLLLEVESPAKVRMKTWSATSPNSWDAKNPGVTFVGFEAELRPNTTEVLQVKLIPEGNFDSNKEIMPLTDWKNNLEHHHHHH
2024_08_31_00000163_1,2024_08_31,1,0,34,8vm1 [A],192,X_RAY DIFFRACTION,2.65,"84,75","11,92","0,64",3.0959,38.76,4.38,0.91,9.1691,"11,16","0,67",0.6925,GSEVEKTACPSGKKAREIDESLIFYKKWELEACVDAALLATQMDRVNAIPFTYEQLDVLKHKLDELSPLLVLFTINFTITNLRYEENMHHPGSRKFNTTERVLQGLLRPVFKNTSVGPLYSGCRLTLLRPKKDGAATKVDAICTYRPDPKSPGLDREQLYWELSQLTHSITELGPYTLDRDSLYVNGFTQRS
2024_08_31_00000241_1,2024_08_31,0,0,34,8yeq [A],171,X_RAY DIFFRACTION,1.5,"65,58","20,72","0,43",0.4757,28.39,8.14,0.79,0.6874,"18,82","0,47",0.4517,FCLTLRRRYTMGSSHHHHHHSSGLVPRGSHMENLYFQGMAGMAKLSTDELLDAFKEMTLLELSDFVKKFEETFEVTAAAPVAVAAAGAAPAGAAVEAAEEQSEFDVILEAAGDKKIGVIKVVREIVSGLGLKEAKDLVDGAPKPLLEKVAKEAADEAKAKLEAAGATVTVK
2024_08_24_00000038_1,2024_08_24,1,0,36,8tac [A],70,X_RAY DIFFRACTION,2.34,"91,33","2,89","0,83",0.7193,33.73,1.88,0.96,0.7674,"2,83","0,86",0.7818,SGMTPEEIAEAKRIGKEVKERRKELGLTQRELAEKLGVSRSTVSDIENGRRLPSEELLKKIKEILGVGSG
2024_08_24_00000055_1,2024_08_24,1,0,40,8tri [B],474,X_RAY DIFFRACTION,3.716,"81,63","20,75","0,47",7.2439,38.66,9.42,0.79,3.3087,"9,43","0,76",3.9791,MASDVNDNRPVFVRPPNGTILHIKEEIPLRSNVYEVYATDNDEGLNGAVRYSFLKTTGNRDWEYFTIDPISGLIQTAQRLDREKQAVYSLILVASDLGQPVPYETMQPLQVALEDIDDNEPLFVRPPKGSPQYQLLTVPEHSPRGTLVGNVTGAVDADEGPNAIVYYFIAAGDEDKNFHLQPDGRLLVLRDLDRETEATFSFIVKASSNRSWTPPRGPSPALDLLTDLTLQEVRVVLEDINDQPPRFTKAEYTAGVATDAKVGSELIQVLALDADIGNNSLVFYGILAIHYFRALANDSEDVGQVFTMGSVDGILRTADLFMAYSPGYFVVDIVARDLAGHNDTAIIGIYILRDDQRVKIVINEIPDRVRGFEEEFIRLLSNITGAIVNTDDVQFHVDMKGRVNFAQTELLIHVVNRDTNRILDVDRVIQMIDENKEQLRNLFRNYNVLDVQPAISVQLPDDMSALLEHHHHHH
2024_08_24_00000057_1,2024_08_24,0,0,39,8tru [A],408,X_RAY DIFFRACTION,1.9,"91,84","5,69","0,91",0.3839,52.7,5.14,0.94,0.4455,"5,39","0,93",0.6243,MNEFVEDHRSECQIGNIPSSVNNAKLPDPFMGLDGKRISSKADWKCRREEIGAMYEKLMFGTKPRNPEKVEGSYSGGKLTIKVTDKGKSGSFSVKISNAGTKDKPKPAMIGFGGGMMGGCGSLGNATNGLDIAQITFNPDDVAPESGGGMFFQLYNQGQGTIIAWAWGVSRIIDALEKTPEAGIDVKHLAMTGCSRWGKGTLAVGAFDERIALTIPQESGSGGASLWRVGAQVNKQKGKQFVQGLSSAGTEGKWMISSFKNYDGKENTLPFDQHMLVAMVAPRALLILDNAGQEWLGEVPSNYCGQASKEVYDALGATENYTYSQEGGHGHCQLPNGQFDEVKDFMNKFLLGKDAKTGKIDYTKNTQTINFKKSEWIDWETPSLKDPAFLYKPAFLYKVVIMHHHHHH
2024_08_24_00000059_1,2024_08_24,0,0,40,8tse [A],428,X_RAY DIFFRACTION,1.25,"92,19","5,02","0,92",0.35,53.64,4.4,0.94,0.4452,"7,28","0,89",0.5342,MSYNFPAVNQLKSSKDIPDPFIFMDGSKVESTDDWWKRQSEISCMYEYYMYGKWIDGSDDETTYSISGNSMTINVKRKSTGKTASFKAVINLPKNVRHEGGAPVILGMHKGISESTATSNGYAVITYDSDGMFSAPGTAQDNNQHKGAFYDLYPYGRNWDEQTGDLMAWSWGISRILDALYNGAAKELNINPDSSIVTGVSRYGKAASVCGAFDTRIKMCAPSCSGAGGLALYRYSSVGKTYDFSSKGGSSSYTYKENEPLGSLQASGEQGWFNGRFMEFRNAEQFPMDQHMLGALCCDPDRYLFIIGSCESEDWVNAPSVWMAYLGMKHVWDYVGISDHLAINIHKSGHAVIAEDIEKMVQYFDYHVYGIQPKMNLEELQTSVFALPKNKDSFADTFASKWLYDPAFLYKVPAFLYKVVIMHHHHHH
2024_08_24_00000086_1,2024_08_24,0,0,37,8umj [A],445,X_RAY DIFFRACTION,1.93,"92,63","4,32","0,87",0.3975,52.55,8.22,0.86,6.5428,"4,40","0,90",0.5401,MAGAEEIVLQPIKEISGTVKLPGSKSLSNRILLLAALSEGTTVVDNLLNSEDVHYMLGALRTLGLSVEADKAAKRAVVVGCGGKFPVEDSKEEVQLFLGNAGTAMRPLTAAVTAAGGNATYVLDGVPRMRERPIGDLVVGLKQLGADVDCFLGTDCPPVRVNGIGGLPGGKVKLSGSISSQYLSALLMAAPLALGDVEIEIIDKLISIPYVEMTLRLMERFGVKAEHSDSWDRFYIKGGQKYKSPKNAYVEGDASSASYFLAGAAITGGTVTVEGCGTTSLQGDVKFAEVLEMMGAKVTWTETSVTVTGPPREPFGRKHLKAIDVNMNKMPDVAMTLAVVALFADGPTAIRDVASWRVKETERMVAIRTELTKLGASVEEGPDYCIITPPEKLNVTAIDTYDDHRMAMAFSLAACAEVPVAIRDPGCTRKTFPDYFDVLSTFVKN
2024_08_24_00000129_1,2024_08_24,1,0,38,8x3w [A],290,X_RAY DIFFRACTION,2.01,"89,61","4,90","0,89",1.1768,41.94,5.1,0.91,2.2151,"5,36","0,89",1.0977,MSSRIRINTKSLLVQPGYSGSKMRDRLFFLLSKYGIRPRDSIGQHFLIIEDVIEKAIETANVNENDVILEVGPGLGFLTDELAKRAKKVYTIEIDQKIIEILKKEYSWNNVKIIQGDAVRVEWPKFNKVVSNIPYKISSPFTFKLLKTDFERAVVMYQLEFALRMVAKPGSRNYSRLSLMAQALGNVEIVMKIGKGAFYPRPKVDSALVLIEPRKDKIVLNENLVKALFQHRRKTVPRALKDSIHMLGVSKDEIRGIINNVPHSNKRVFQLYPEEVKDIEEYLKKHGIIS
2024_08_24_00000143_1,2024_08_24,0,0,38,8xph [A],269,X_RAY DIFFRACTION,2.2,"92,94","4,31","0,92",0.3265,49.76,3.13,0.96,0.367,"4,17","0,94",0.4437,QNPASTNVIWSQEFDGESLDRNVWSYDVGGHGFGNGQLEFNTDRPENAYLRDGNLVIEARREAYGGNAFTSARIHTRGRFAFQYGDLEARIKVPDTSDGIWPAFWMLGNNFPGTVWPKCGEADILEIGGKDGIAKGLQNRQINCALHFAGVGEQKTSLVEWFDAPVDLHLDYHLYKISWTPTHMKFFLDGKEFGSWDITASEMKEYHQPFYPILNVAVGSWTHSYTGLDTPEKITATLPARMYVDWIRLYGHPETKLVQNKLEHHHHHH
2024_08_24_00000190_1,2024_08_24,1,0,39,9evr [A],71,X_RAY DIFFRACTION,2.7,"83,58","5,53","0,66",0.926,26.89,4.05,0.91,0.8941,"6,48","0,67",1.2840,GSLLSDEHLALLAKYYATVEFTGEQKDALIEKYWEANEAERKAIARAYASLFANDADFIQRLLAHYDMHVS
2024_08_17_00000002_1,2024_08_17,1,0,38,8gac [A],106,X_RAY DIFFRACTION,1.85,"87,29","4,15","0,84",0.6237,38.81,2.9,0.94,0.5195,"3,24","0,87",0.4972,SNNLEEEVQKLLYELSEIWHQHDHEASREALHRVLEVLKQLLEHNNLEQAVELISIAVHVAVRVNNEHVIRELHHLLRRLLKQVKEHNNNKLYIAVMSVIMQLERT
2024_08_17_00000149_1,2024_08_17,1,0,38,9b1u [A],310,X_RAY DIFFRACTION,1.46,"91,98","4,12","0,90",2.283,48.33,5.07,0.91,1.0384,"4,67","0,88",1.5436,AGETFRLGVLPFGTASWEAAVIKARGFDTANGFTLDIVKLAGNDAARIAFLGGQVDAIVGDLIFAARLGNEGRGVRFSPYSTTEGALMVPAGSPITDLKGLAGKRLGVAGGALDKNWILLRAQARETAGLELENVAQIAYGAPPLLAQKLETGELDAALLYWQFAARLEAKGFKRLISADDVMRAFGAKGAVSLIGYLYEGHTVADRGEVVRGFARASAAAKDALANEPALWETVRPLMAAEDDATFATLKRDFLAGIPRRPIAAERADGERIYAALDRLAGAQLLGVGKSLPPDLYLDASGNGHHHHHH
2024_08_10_00000121_1,2024_08_10,1,0,38,8rlj [C],391,X_RAY DIFFRACTION,2.45,"94,15","3,14","0,95",0.4351,55.51,3.08,0.96,0.4471,"3,91","0,95",0.5145,GPDAAVENPRIGRAADLYELIPEYQPDTYRNMDKVYPTRVIHKGTKVRPLPAGVAIAPRYRIGGEEYGVDDFMRRNRVGGVLVLKDGKVALERYGLGNDERTRWTSFSVVKSISSTLVGAAVQQGLLALDQPVDKYLPSLAGSAYQGVTVEQVLQMSSGVRWNETYRDPKSDRRQMFDAQLAERPGGILRLLASLPRQYPSGTHFTYSTGESHLQSELLHAATRIPVSDYLSERIWARMGMESDGFWQLESPAGQEIGSSGLSATLRDYGRFGQFVLEDGVIDGERILPEGWVDRASRVEASSHLAPGKLYDGEYALGYGYQWWTFPVGAKALPEHDGGAFEAQGIFGQYLYINRKEKIVAVVWSAWPKPEMDDREEETYAFLGAAVKALR
2024_08_10_00000176_1,2024_08_10,0,0,39,8x1w [A],439,X_RAY DIFFRACTION,2.1,"92,22","3,08","0,95",0.6061,47.98,5.12,0.93,0.6532,"3,85","0,94",0.7459,FIGESFIFLRALRSNSLEQFFDERVKKFGLVFKTSLIGHPTVVLCGPAGNRLILSNEEKLVQMSWPAQFMKLMGENSVATRRGEDHIVMRSALAGFFGPGALQSYIGKMNTEIQSHINEKWKGKDEVNVLPLVRELVFNISAILFFNIYDKQEQDRLHKLLETILVGSFALPIDLPGFGFHRALQGRAKLNKIMLSLIKKRKEDLQSGSATATQDLLSVLLTFRDDKGTPLTNDEILDNFSSLLHASYDTTTSPMALIFKLLSSNPECYQKVVQEQLEILSNKEEGEEITWKDLKAMKYTWQVAQETLRMFPPVFGTFRKAITDIQYDGYTIPKGWKLLWTTYSTHPKDLYFNEPEKFMPSRFDQEGKHVAPYTFLPFGGGQRSCVGWEFSKMEILLFVHHFVKTFSSYTPVDPDEKISGDPLPPLPSKGFSIKLFPRP
2024_08_10_00000226_1,2024_08_10,1,0,39,9crn [A],379,X_RAY DIFFRACTION,1.96,"88,43","5,30","0,91",0.6514,44.49,6.61,0.93,0.6898,"5,35","0,92",1.1115,SNTDSVFSLTGKKRQQIVKQVRQRYYFQQLSKTEQENYLTLYDSLAQFREIISLTPASKKSLIKTIDAFVMDNPEFYWITSADYRFEFSDQTVFVTFPIPEDAKNVYQDLQAIGNDIVANTPSKDRYEQVKYFYEVIIRDTDYNKKAFEAYQSGSQAQVASNQDIKSVFIDHLSVCNGYAQAFQFLCQKAGIPVAYIRGTGTSQQPQQSFAHAWNAVQINNTYYGVDVTWGDPVFDNHLSHQKQGTINYSFLCLPDYLMALSHQPSKDIAFNTKERFENVWTIPSCTDDSLLYSKRHQSYISTFDSDAILASLENQLLNRQEPLSLQFAHQDDYQQMVTDLTTNQTGYHNLFNQYWNNYTGFTYGLLPETLSISFASRN
2024_08_03_00000050_1,2024_08_03,0,0,38,8jy1 [A],324,X_RAY DIFFRACTION,2.4,"94,15","3,42","0,94",0.3018,51.09,3.0,0.97,0.3015,"3,99","0,95",0.3381,DIQHRIVNVNGLNMHVAEKGEGPVILFIHGFPELWYSWRHQIIALASLGYRAIAPDLRGFGDTDAPPSVSSYTCFHVVGDLIGLLDVVASDRDKVFVVGHDWGALIAWYLCLFRPDKVKALVNLSVAFNPWNPKRKPLEGLKAVYGDDYYMIRFQEPGEIEAEFAQIGTETVVKEFFTYRTPGPLFLPTGKGFGHPPNAEIVLPSWLSEDDVKNYTSKFEKGFTGGVNYYRNINVNWELTAPWAGSQIKVPVKFIVGDLDLTYYMPGVKDYIHKGGFKRDVPLLEEVIVMEGVGHFINGEKADAISEHIYNFFQKFKGHHHHHH
2024_08_03_00000093_1,2024_08_03,1,0,38,8kc4 [A],162,X_RAY DIFFRACTION,2.2,"86,60","4,71","0,85",1.4956,38.66,5.6,0.92,1.5412,"5,08","0,81",1.3311,GKLPEEELKKKIEEFANFFIENKDVDLDELADKILEIAEETGTHIGDIYEQLVALAPDEETLRTLTLALVRLLGRRKEPLDLDLVRLLVETLVLDLGATDLAVEVVKLAFSLAKKKEQLEKLLKAIDEVIEKARKEKGMDAAAEKLREVKEKYLLEHHHHHH
2024_08_03_00000100_1,2024_08_03,0,0,46,8pxd [A],218,X_RAY DIFFRACTION,2.2,"86,80","9,32","0,70",0.3565,37.65,8.38,0.83,0.3505,"5,65","0,81",0.3614,MDKAELQKTLQANKIQGNIVSSSDLGSGLSMVIVEVNNQQAPFLATDDGKMIFQAEVLIAQDKSTESRVQEFYKNLYEKEKLRISAKLKEVFKAQKANVFTFKAKKPSNKTIYIVSDFNCPYCQREFANLDKRLESANVELLVVGFLGEDSILKAANALKNKSGNQAKDIAMLQKLYTPKSKGQSMDIKAAMALTQAVADTGVRSVPYIIEPHHHHHH
2024_08_03_00000141_1,2024_08_03,0,0,39,8r2j [B],292,X_RAY DIFFRACTION,2.4,"92,18","3,24","0,94",0.5276,45.64,4.21,0.94,0.5782,"4,92","0,91",1.1469,STILVTGATGNVGRNVVRQLAERGHDVRALTRRARPGAAPEGVRVQEGDLTHPKTLKDALEGVDALFLFPVAATAEEVVGMAKSAGVRRIVVLSSGAVTAGYDTDFHLPVERAVEASGLEWTHVRPGEFAMNKLALWGPPIRAERVVREPAPDAGWFPVHEQDIADVAVLALTEEGHAGQAYTLNGPELLTHRRQVELIADAMGEEIRLEVVTPQQAREIYLAQGGFAAENVDFLLGFEDYGGNESDPSAEAEAEAFDLSSLGPMPTAEAVTGRPARTFAQWARDHADEFRA
2024_08_03_00000174_1,2024_08_03,0,0,39,8vce [A],327,X_RAY DIFFRACTION,1.85,"94,21","2,92","0,95",0.4068,51.67,3.38,0.96,0.4652,"3,60","0,95",0.6415,MSEPSPIADPYAYLNIVNNPDGSITRDLSNFPCTAATPDPSPLNPAVSKDLPVNQLKSTWLRLYLPSSAVNEGNVSSQKLPIVVYYHGGGFILCSVDMQLFHDFCSEVARDLNAIVVSPSYRLAPEHRLPAAYDDGVEALDWIKTSDDEWIKSHADFSNVFLMGTSAGGNLAYNVGLRSVDSVSDLSPLQIRGLILHHPFFGGEERSESEIRLMNDQVCPPIVTDVMWDLSLPVGVDRDHEYSNPTVGDGSEKLEKIGRLRWKVMMIGGEDDPMIDLQKDVAKLMKKKGVEVVEHYTGGHVHGAEIRDPSKRKTLFLSIKNFIFSVL
2024_08_03_00000189_1,2024_08_03,0,0,40,8vih [A],468,X_RAY DIFFRACTION,1.55,"91,32","4,84","0,92",0.4712,50.49,4.8,0.95,0.498,"5,41","0,92",0.6648,MGSSHHHHHHSSGLVPRGSHMSFIKSQLPIFLNNCTQDSVINYFQNSWELENILMRSIIDDETFYINPDPLRNPLIFYLGHSAAFYINKLIRVELLEKGINSDYEILFEFGVDPENAEELNQAIAHINWPDVRQVWDYRNKAYEVILEVIKNTTFDLPIHASHPLWALMMGMEHQRIHFETSSMLLRQLPTEKVEKPQGWQYAPSQGVPNTNKMILVEGGTVTLGKAKDNPLYGWDCEYGDRLVKVDSFFASQYLVTNGEFLEFINRKGYETQSYWNEKSWQWKEENKVKNPKFWQFNNGKYSYRAMFDEIPLPLDWPVEVNYYEAMAYCGWKGKGTRLMSEAEWNLAAYGSNDNYQVDIEKVNDYNLNLKFGSPSPVGLVKTAQSHSGLWDLRGNVWEWLDENFHPLPGFEPHFLYEDNSAPFFDNNHKMMLGGAWVTQGTETLKYYRNWFRPNFYQHAGFRIVTNH
2024_08_03_00000224_1,2024_08_03,1,0,40,8w2c [B],282,X_RAY DIFFRACTION,1.9,"88,78","7,04","0,87",0.3168,45.25,5.6,0.92,0.3938,"6,49","0,89",0.5878,GSSHHHHHHSSGLVPRGSHMASEESSSIVLMAGDPATAKAVVVCVANAAGGPVNFVDMSRAMPEQASDVAMFGVKLPRTEVDSDGAMLEEVRRLSNAVCDDLLAATDLPAIVFAQCNGSALALAITRELVRRSADVRALCIGGALMRTVTGKRDTRTDDEILAFLGKAGSTLPAQPDEQAFFLHDFRYDGWLADVYYNHLVDLMSRGALEVVDIPVWCLVGSEDPLVPNYPVRFQDWSHIGRPVQLVEYAGIGHYLLRDCPEAIARAVGSVWEHVSCKGVTA
2024_08_03_00000225_1,2024_08_03,1,0,40,8w2d [A],345,X_RAY DIFFRACTION,2.7,"88,50","6,39","0,85",0.6212,45.61,6.76,0.9,0.6278,"9,12","0,80",0.7112,GSSHHHHHHSSGLVPRGSHMERLTEIFRGVLGHAAFGIRDDFFDLGGDSFKAIRIAAKYGPPLEVTDIYDHPTIEALAEHLEHASEESSSIVLMAGDPATAKAVVVCVANAAGGPVNFVDMSRAMPEQASDVAMFGVKLPRTEVDSDGAMLEEVRRLSNAVCDDLLAATDLPAIVFAQANGSALALAITRELVRRSADVRALCIGGALMRTVTGKRDTRTDDEILAFLGKAGSTLPAQPDEQAFFLHDFRYDGWLADVYYNHLVDLMSRGALEVVDIPVWCLVGSEDPLVPNYPVRFQDWSHIGRPVQLVEYAGIGHYLLRDCPEAIARAVGSVWEHVSCKGVTA
2024_08_03_00000277_1,2024_08_03,0,0,39,8yp3 [A],482,X_RAY DIFFRACTION,2.12,"90,91","5,33","0,91",0.6601,47.65,6.14,0.93,1.25,"4,52","0,93",1.0217,HHHHMSYDSIFENLNSHGQGHLLKYWPDLSEKERAQLLNDLKKIDFAEVNELFRRANDTSKVIQEKVEDLKPIPDSHYEAVPNLSNEKILEYENIGLREISDGKVGVLLLAGGQATRLGFGHPKGMYDVGLPSRKTLFQIQAERIVRVQQMAAEKYGKEGKITWYIMTSEHTRGPTADYFRSHNYFGLNEEDIVYFEQGTLPCFDFEGKIFLDEKYHVSSAPDGNGGLYRALKNQGVLDDIAKRGVEHLHAHSVDNILIKVADPVFIGYCKSKNADCAAKVVQKSTPSEAVGVVCRVNGHYKVVEYSELTDEAAESRTADGRLTFSAGNICNHYFSSEFLTKICNFESKLKLHVAKKKIPYVDHEGVRQKPTEPNGIKMEKFIFDVFEFAENFICLEVARDVEFSALKNNDAAKKDCPSTAREDLLRLHRKYVREAGGIVEDNIDVEISPLLSYGGENLTDLVSGEVFTISPYHLKSMQESA
2024_08_03_00000309_1,2024_08_03,1,0,40,9bcm [A],548,X_RAY DIFFRACTION,2.36,"80,12","9,81","0,84",1.2189,42.39,9.93,0.89,1.738,"8,46","0,87",1.1318,GPLMDNETQIKKRKLQTATMEAKATGEIFVVPFFGQGHLFPAMELCKNISAHNYNVTLIIPSHLSSSIPSTFSNHSSFIHVTEISVAASPPPEAADEPGSGTEVRSSGPRGNPLQDQNLQMGKGIKSFLSARSGTRPTCVVIDVMMSWSKEIFVDHEIPVVSFSTSGATASAVGYGMWKAEVGNMKPGEIREIPGLPKEMAVTFADLSRGPQRRIRPPGGPGKSDGRAGPPNRMRSGSRHGPGGGPSPGPGQKPRWVDEVDGSIALLINTCDDLEHVFINYMAEQTKLPVWGVGPLLPEQFWKSAGELLHDHEMRSNHKSNYTEDEVVQWLESKPRESVIYISFGSEVGPTIEEYKELAKALEESDQPFIWVIQPGSGKSGIPRSFLGPAAAHTDDSEEEEGYYPDGLDVTVGNRGLIITGWAPQLLILSHPSTGGFLSHCGWNSTAEAIGRGVPILGWPIRGDQFDNAKLVAYHLKIGHVMSRGANGEVGPGKFTKDDITSGIEKLMKDEKVHKQAKELSKEFEGGFPVSSVKALGAFVEFISQKAT
2024_07_27_00000025_1,2024_07_27,0,0,36,8k75 [A],141,X_RAY DIFFRACTION,1.16,"84,16","7,65","0,80",0.3241,34.07,4.59,0.93,0.3942,"15,50","0,48",3.8761,MSRGRKNNDIPLSFYNPITLEQGSKFWNLCPRDLVPKGIGNKDQQIGYWNRQIRYRIVKGQRKELAERWFFYFLGTGPHADAKFKDKIDGVFWVARDGAMNKPITLGTRGTNNESKPLRFDGKIPPQFQLELEHHHHHHHH
2024_07_27_00000030_1,2024_07_27,1,0,38,8k7o [A],233,X_RAY DIFFRACTION,1.7,"89,81","3,99","0,88",0.7143,50.14,3.52,0.94,0.7705,"3,27","0,92",0.8240,GPGIWLREVDRDKLIAVAKKLKEIIPDRVKGFVVGGKTDDVVATIRDLIALFGPDLEIVVELTELDKAIETMKKAVEAGASAILLRDGVRGVEELRKIAEEAKKLGVKVIVDVTDGPDVLELAREAAALADAIVIDTGLPLDTREAIAALADAAGVDVIFRVSGLDQVDDAVALAARTPAFKGFLLEGVRDVAAAEAVRARLAAAGLTDLDFLLALDGLDVDTAIAAALALLE
2024_07_27_00000033_1,2024_07_27,2,0,35,8k7z [A],180,X_RAY DIFFRACTION,1.3,"90,51","3,66","0,89",0.4374,47.52,1.68,0.97,1.1286,"3,04","0,94",0.5871,GLSPALATLRAALTAAFTAAGAPDLAAVFDATLAAAAAAPAAARARARAAVANLPAVLVTGTPVAIDTAEGVLVAVLAALVAALSDVPAIIYVEAATPEQKAGAALAAAIAAAIAEALGAKQPITITAADAATTAAAQAAFGAALGLPVTDAAGMNRDLLLLVAVLLERRAALEHHHHHH
2024_07_27_00000035_1,2024_07_27,1,0,36,8k83 [B],181,X_RAY DIFFRACTION,1.8,"91,46","3,68","0,90",0.826,45.49,2.62,0.96,0.8151,"4,74","0,86",0.8131,GSAAAVEAQIAALVAAANAALAADDQAAVRAALAPLAELAKEHPELVAANPEVQALLKALIAKFEEFDLEVQRLVLAVVAELTKDNPEAVAFLKAAGFWPHLAAALRHPDLELVRLALAILSSSLAAVEAFVAALGLEGLEADLAYLRAAFPDSPAAELIAKVEALLAELRAALEHHHHHH
2024_07_27_00000048_1,2024_07_27,0,0,39,8os2 [A],146,X_RAY DIFFRACTION,1.64,"83,98","8,29","0,79",0.382,34.0,7.0,0.88,0.6588,"10,14","0,72",0.5223,MARCFSLVLLLTSIWTTRLLVQGSLRAEELSIQVSCRIMGITLVSKKANQQLNFTEAKEACRLLGLSLAGKDQVETALKASFETCSYGWVGDGFVVISRISPNPKCGKNGVGVLIWKVPVSRQFAAYCYNSSDTWTNSCIPEIIHH
2024_07_27_00000055_1,2024_07_27,0,0,38,8q2g [A],139,X_RAY DIFFRACTION,2.49,"86,45","6,01","0,82",0.4122,35.53,4.7,0.91,0.449,"4,26","0,88",0.5329,MFKLSQRSKDRLVGVHPDLVKVVHRALELTPVDFGITEGVRSLETQKKYVAEGKSKTMKSRHLHGLAVDVVAYPKDKDTWNMKYYRMIADAFKQAGRELGVSVEWGGDWVSFKDGVHFQLPHSKYPDPKLEHHHHHHHH
2024_07_27_00000067_1,2024_07_27,0,0,41,8r5n [A],165,X_RAY DIFFRACTION,1.812,"92,67","3,35","0,90",0.4477,39.57,2.23,0.96,0.5391,"3,62","0,90",1.0932,GNVARVVVWEWLNEHSRWRPYTATVCHHIENVLKEDARGSVVLGQVDAQLVPYIIDLQSMHQFRQDTGTMRPVRRNFYDPSSAPGKGIVWEWENDGGAWTAYDMDICITIQNAYEKQHPWLDLSSLGFCYLIYFNSMSQMNRQTRRRRRLRRRLDLAYPLTVGSI
2024_07_27_00000215_1,2024_07_27,0,0,38,9cj0 [A],170,X_RAY DIFFRACTION,1.3,"95,63","2,39","0,94",0.2998,45.61,2.04,0.97,0.2907,"2,62","0,95",0.2827,GHACPSQCSCDQTTVKCHSRRLTSVPAGIPTTTKILRLYSNQITKLEPGVFDHLVNLEKLYISWNQLSALPVGVFDKLTKLTHLSLGYNQLKSVPRGAFDNLKSLTHIWLLNNPWDCECSDILYLKNWIVQHASIVNLQGHGGVDNVKCSGTNTPVRAVTEASTSPSKCP
2024_07_27_00000220_1,2024_07_27,1,0,36,9etn [A],586,X_RAY DIFFRACTION,1.584,"88,70","6,54","0,90",0.4256,55.04,6.0,0.93,0.4267,"6,51","0,91",0.6710,GSEPMFTAVTNSVLPPDYDSNPTQLNYGVAVTDVDHDGDFEIVVAGYTGPNLVLKYNRAQNRLVNIAVDERSSPYYALRDRQGNAIGVTACDIDGDGREEIYFLNTNNAFSGVATYTDKLFKFRNNRWEDILSDDVNVARGVASLFAGRSVACVDRTGSGRYSIYIANYAYGDVGPDALIEMDPEASDLSRGILALRDVAAEAGVSKYTAGRGVSVGPILSSSASDIFCDNENGPNFLFHNQGNGTFVDTAASAGVDDPHQHGRGVALADFNRDGKVDIVYGNWNGPHRLYLQMSAHGKVRFRDIASPKFSTPSPVRTVIAADFDNDQELEVFFNNIAYRSSSANRLFRVIRREHGDPLIEELNPGDALEPEGRGTGGVVTDFDGDGMLDLILSHGESMAQPLSVFRGNQGFSNNWLRVVPRTRFGAFARGAKVVLYTKKSGAHLRIIDGGSGYLCEMEPVAHFGLGRDEASSVEVTWPDGKMVSRSVASEEMNSVLEILYPQDEDKLQNTAPLECGQGFSQQDNGHCMDTNECIQFPFVCPRDKPVCVNTYGSYRCRTNKRCNRGYEPNEDGTACVAAAHHHHHH
2024_07_20_00000015_1,2024_07_20,0,0,33,8k4m [A],137,X_RAY DIFFRACTION,1.53,"88,84","5,60","0,82",0.6237,36.01,3.88,0.93,0.6855,"19,54","0,30",13.1331,MNELNNKMIEDVVLGEVELIEDLGQYFIDIEGDYEYNVEFATLSEVDYKVCALYEVATSKTYEVPYHDKLEKEDMKLFYDKWLEKDQQEETYIESVFFVNREDAESYIKDVLKGKESLTEVAAEIGYFELEHHHHHH
2024_07_20_00000040_1,2024_07_20,0,0,35,8prj [A],320,X_RAY DIFFRACTION,1.4,"96,66","1,95","0,95",0.2742,53.84,3.11,0.94,0.3527,"2,09","0,96",0.2868,DGTIYVGSNDHYLYAINPNGKLKWKFETGGSVHSSPAIGQDGTIYVGSNDHYLYAINPNGKLKWKFETGGSVHSSPAIGQDGTIYVGSNDHYLYAINPNGKLKWKFETGGSVHSSPAIGQDGTIYVGSNDHYLYAINPNGKLKWKFETGGSVHSSPAIGQDGTIYVGSNDHYLYAINPNGKLKWKFETGGSVHSSPAIGQDGTIYVGSNDHYLYAINPNGKLKWKFETGGSVHSSPAIGQDGTIYVGSNDHYLYAINPNGKLKWKFETGGSVHSSPAIGQDGTIYVGSNDHYLYAINPNGKLKWKFETGGSVHSSPAIGQ
2024_07_20_00000115_1,2024_07_20,1,0,35,8r0s [A],577,X_RAY DIFFRACTION,2.35,"84,66","10,55","0,79",1.3279,38.15,11.03,0.81,0.7802,"9,81","0,80",1.5179,MGSSHHHHHHSSGLVPRGSHMEGEYIKLKVIGQDSSEIHFKVKMTTHLKKLKESYCQRQGVPMNSLRFLFEGQRIADNHTPKELGMEEEDVIEVYQEQTGGSKLFITQQRMQKIEELLEKVCSENPLDPNKTKQWMKASIKLSDPSKAIKVKPMKYSPMDREEFDKQIKELLDLKVIKPSKSPHMAPAFLVNNEAEKRRGKKRMVVNYKAMNKATVGDAYNLPNKDELLTLIRGKKIFSSFDCKSGFWQVLLDQESRPLTAFTCPQGHYEWNVVPFGLKQAPSIFQRHMDEAFRVFRKFCCVYVDDILVFSNNEEDHLLHVAMILQKCNQHGIILSKKKAQLFKKKINFLGLEIDEGTHKPQGHILEHINKFPDTLEDKKQLQRFLGILTYASDYIPKLAQIRKPLQAKLKENVPWRWTKEDTLYMQKVKKNLQGFPPLHHPLPEEKLIIETDASDDYWGGMLKAIKINEGTNTELICRYASGSFKAAEKNYHSNDKETLAVINTIKKFSIYLTPVHFLIRTNNTHFKSFVNLNYKGDSKLGRNIRWQAWLSHYSFDVEHIKGTDNHFADFLSREFN
2024_07_20_00000179_1,2024_07_20,0,0,35,8u7f [A],484,X_RAY DIFFRACTION,2.55,"94,13","2,78","0,96",0.535,54.39,3.13,0.97,0.4859,"4,98","0,94",0.5646,MFPKNFKFGFSEAGFQFEMGVSDIDTNTDWYKWSHDSENIKNHIVSGDRPEEGVGYWDLYPKDHDLAEYIGMNAARIGIEWSRIFPVSTERVTVEVIEENGDILEIKITEKTIKELDLLSDKNAMQHYTNIFNDIKKRGWFLVINLFHWSLPLWINDPSNRNSEKDNALGNCMNRSSVIEFVKYAAYISYYFGSIADRFATMNEPNEVFKTCSEDKRVESYHIRMKWFVEAHARSYDAMKQFTNRQIGVIYANGDVQSFENKDPKLKEEVEYEQRYSFFDALIHGDVHWYVGACRKTNHVHGKSIRPDLSNRIDWIGVNYYSRNVVKRKEDGYENVRGLGYDTGWVSYEKSLDGRSVSETGWEIYPEGIYNIVMSYHKRYELPMMITENGMADDNDRFRPRYLVSHLKNLERAINDGAKVDGYLHWALTDNFEWGSGFSKKFGLIKVDYKTKKRYLRPSALIMKEITKHNGIPEELEWLGEDKF
2024_07_13_00000075_1,2024_07_13,1,0,33,8v3m [A],524,X_RAY DIFFRACTION,1.8,"92,19","4,44","0,94",0.4329,50.73,5.57,0.95,0.4145,"5,69","0,94",0.4189,NELRCGGLLFSSRFDSGNLAHVEKVESLSSDGEGVGGGASALTSGIASSPDYEFNVWTRPDCAETEFENGNRSWFYFSVRGGMPGKLIKINIMNMNKQSKLYSQGMAPFVRTLPTRPRWERIRDRPTFEMTETQFVLSFVHRFVEGRGATTFFAFCYPFSYSDCQELLNQLDQRFPENHPTHSSPLDTIYYHRELLCYSLDGLRVDLLTITSCHGLREDREPRLEQLFPDTSTPRPFRFAGKRIFFLSSRVHPGETPSSFVFNGFLDFILRPDDPRAQTLRRLFVFKLIPMLNPDGVVRGHYRTDSRGVNLNRQYLKPDAVLHPAIYGAKAVLLYHHVSGSGGSGVAYYVDLHGHASKRGCFMYGNSFSDESTQVENMLYPKLISLNSAHFDFQGCNFSEKNMYARDRRDGQSKEGSGRVAIYKASGIIHSYTLACNYNTGRSVNSIPAACHDNGRASPPPPPAFPSRYTVELFEQVGRAMAIAALDMAECNPWPRIVLSEHSSLTNLRAWMLKHVRNSRGLSS
2024_07_13_00000089_1,2024_07_13,2,0,34,8vej [B],253,X_RAY DIFFRACTION,3.59,"82,14","4,63","0,82",0.7848,50.04,3.07,0.94,1.0213,"4,35","0,85",0.9875,PIPSAEIFEDFLDWYTSGKAGEEIIESTDKRVEAIVEELGGELTEEMKEALAMARAAMAAFEKEGDVFRLASVGATAALMVWFHLRNIPLAGIARAWLLMLAQLEAGADVDTALAAAAEVLREYGVSEELVAAAAAEARALVESARRRGLTPFELASLAALAAARLLFTARNNPLAKIIQAALDLYNRTVDMSTEEAVEAALEAMKELGASEESLERLKELVESARKRGIELTPFEVALLAYYVLVLDYLKKS
2024_07_13_00000090_1,2024_07_13,1,0,33,8vj1 [B],78,X_RAY DIFFRACTION,2.26,"88,32","3,27","0,83",0.5842,33.16,3.0,0.94,0.6916,"6,05","0,73",1.1518,TYSTLTMDRLESLIKEHSIIDDNYIKTLLVIKNLMLKDNLDTLAMVRGLNVKIRKAFKATYGYNYNYIKLTEYLSIIF
2024_07_13_00000108_1,2024_07_13,0,0,35,8wch [A],417,X_RAY DIFFRACTION,1.519,"92,40","5,28","0,88",0.5406,52.52,5.63,0.93,3.1858,"5,49","0,87",2.8640,MGSSHHHHHHSSGLVPRGSHMAENVKIGVLYPLTGPVAQVGKDAVAAVQTALDIINNSHNIPGMPLAKDAGLKGLGGGKISIVVGDHGGKPDIGVGETEKMLNSDKVHAMFGAYYSSVTGAASQVSERAGIPWVNGESTSPKLTTRGFKYFFRVTPHDGEFTQLMFEFMDDFNTKNGNKLKTLGIIHEDTLWGADSGGTQNTMAKDKGYKVVEKISYKAKTTSLSSEVQRLKAKNPDVLLPSSYTADAYLFLNTAKELDYNPKLLVAQNAGYTDPKFIATMGSKAEGVITRSPFNTDLATTIPMIGTVNEIFKTHSGGRDLSDVPARAFTGFMALANAINNAGSTDPEKIRQALVDLDMSSDSLIVPYRGIKFGADGQNEKTRGILMQVQDGKYCTVYPFELAACKLQYPMPTWSQK
2024_07_13_00000166_1,2024_07_13,1,0,34,9biz [A],274,X_RAY DIFFRACTION,2.5,"89,06","6,20","0,84",1.1356,41.55,4.42,0.9,2.0035,"19,28","0,40",14.0926,SAQTIEATTVSQLEKAHVRIGDTLRLTGTGMCNIRTPGSWSAKEDSPFLPFDCSQIVWNDAPPLPLPESDIVSKATALMQSVQRQLHPETDDDSRVSPALRSAIQKSGMVLLDDFGDIVQKTNDLCSAKDDCLRLKNALVNLGNTRNWETLTKRATAGKLDGVNVLLRPVSAESLENLVTTSTAPFVIRETSRAAQALNSPAPGGFLIASDEGSVLVNQPWPAVSLYDYPAHEQWGELRRLAGMLMHTPFHAEGIVTNLFTDANGTQHINLHRI
2024_07_13_00000209_1,2024_07_13,1,0,37,9ijc [A],321,X_RAY DIFFRACTION,1.52,"89,15","6,00","0,88",0.4482,45.56,4.84,0.94,0.5604,"8,70","0,85",0.7445,TGGQQMGRGSEFDNITSDDHVVDTPGDTDNDHDGGEEPNPAYPLSDQSNEGDWVLNTEMSDEFELPLDEDKWLIQGRNNEYQSRFIGRAPSQFSVNNAYTESGKLKIVTKWEPDYDFRLKFNGDDHDVVNGEKIYFENITTAAVISKKQFRYGYMEIKCKSANAPITSSFWTTGKNTSEMDMFEMFGGHKTNDSWRKRLKFNIISWDPNNPNYFNKINGPVFTQNIQVGNNTAGDFHVYGFDWTADYIKVYYDGVLLPEYTILKSELTNNNTNPDKWVTDSDYWIWFDSETFPWLGIPKEEDLPAEYQIEYLRVWQKNKIQ
2024_07_06_00000121_1,2024_07_06,0,0,36,8pjs [A],280,X_RAY DIFFRACTION,1.7,"94,73","3,00","0,93",0.2837,56.71,2.45,0.96,0.258,"4,04","0,92",0.3065,GSHMGGLIYAVGGDGHTHLSSVEAYNPETNEWSPVAPMSVPRSGVGVAVIGGLIYAVGGDGHTHLSSVEAYNPETNEWSPVAPMSVPRSGVGVAVIGGLIYAVGGDGHTHLSSVEAYNPETNEWSPVAPMSVPRSGVGVAVIGGLIYAVGGDGHTHLSSVEAYNPETNEWSPVAPMSVPRSGVGVAVIGGLIYAVGGDGHTHLSSVEAYNPETNEWSPVAPMSVPRSGVGVAVIGGLIYAVGGDGHTHLSSVEAYNPETNEWSPVAPMSVPRSGVGVAVI
2024_07_06_00000123_1,2024_07_06,0,0,30,8pju [A],310,X_RAY DIFFRACTION,1.72,"88,76","4,41","0,91",0.305,53.58,3.36,0.96,0.2702,"3,57","0,94",0.3115,GSHMNGRIYAVGGYDGSPDGHTHLNSVEAYDPETDTWSPVAPMNTRRSGVGVAVLDGHIYAVGGSHGSPDGSIHHNSVERYEPERDEWHLVAPMLTRRIGVGVAVLNGRIYAVGGYDGSPDGHTHLNSVEAYDPETDTWSPVAPMNTRRSGVGVAVLDGHIYAVGGSHGSPDGSIHHNSVERYEPERDEWHLVAPMLTRRIGVGVAVLNGRIYAVGGYDGSPDGHTHLNSVEAYDPETDTWSPVAPMNTRRSGVGVAVLDGHIYAVGGSHGSPDGSIHHNSVERYEPERDEWHLVAPMLTRRIGVGVAVL
2024_07_06_00000127_1,2024_07_06,0,0,36,8pjy [A],298,X_RAY DIFFRACTION,1.3,"92,79","3,64","0,92",0.2972,55.83,2.49,0.97,0.2457,"3,39","0,94",0.2593,GSHMGGLIYAVGGYNNSPDGHTHLSSLEAYNPSTDTWSPVAPMSVPRSGVGVAVIDGLIYAVGGYDGHTHLNSVEAYDPETDEWSLVAPMTTRRSGVGVAVLGGLIYAVGGYNNSPDGHTHLSSLEAYNPSTDTWSPVAPMSVPRSGVGVAVIDGLIYAVGGYDGHTHLNSVEAYDPETDEWSLVAPMTTRRSGVGVAVLGGLIYAVGGYNNSPDGHTHLSSLEAYNPSTDTWSPVAPMSVPRSGVGVAVIDGLIYAVGGYDGHTHLNSVEAYDPETDEWSLVAPMTTRRSGVGVAVL
2024_07_06_00000149_2,2024_07_06,0,0,39,8pna [A],67,X_RAY DIFFRACTION,1.45,"84,69","6,80","0,71",0.4414,26.64,4.01,0.9,0.5032,"4,00","0,82",0.4198,VRAKKPRKARTAFSDHQLNQLERSFERQKYLSVQDRMDLAAALNLTDTQVKTWYQNRRTKWKRQTAV
2024_07_06_00000309_1,2024_07_06,1,0,36,8yk1 [A],829,X_RAY DIFFRACTION,2.02,"94,72","4,71","0,94",0.3949,56.32,5.41,0.94,0.5374,"13,04","0,78",1.2559,MGGDVVSVADYGAAADSGEDSAPAIIKAVDKAKELAAEGKNVTIAFPKGRYDIYPDKAERRTLYVSNTVGTNSSYKDKKIGILLEDTKNITVDGQGSDFVFHGKMTTFAAINSRNVTFKNFSVDFQVPTVIDLTVEKVDAGAKTATVYVPEEYNYRLSGSNIEWYSDSSPYTGATYWTASNALPYVQLYDTKTGLTVRGDVWTNPIFQNVTGITDAGNHRLVFSYSSMSDKLANATGISYQMRQTTRDHPGVFLWKDKDVTLKGIDFRFLHGFGVVGQSTDTITMDGLHFGTGEGTGRSTAGYADFVQMSGCKGVITVANSSFSNPHDDPINVHGTFLQVVEKISDTKIKVRYMHNETAGFPSFFVGDQVEFMTKGDMLPVSDSVRTVTAVDGPDGQGGDMGAGSGSLTDIVLTLDSAIPSAVAVNSHVVENITYTPEVNIHDNVFKETPTRGILVTTRKKVTIENNLFDGMGMAGIYISNDAQSWYESGPTRDVTIRGNTFRRSGSDAILVEPTNPTVSTTDTVHKNMTIEGNTFYVNGNRVLNAKSVSDLTFRDNKIYRENPDDTVTLGGDADVALAVGDTRRIDATASVSQVSGSRLFRLNGCKQVVFGGNTYDVGVKAGIDLANMGASEVNVSDDSAKVGADGLVPVTGSIAYVSDDAAVASVDQDGTITAVGEGETTVRTYVIAGARRMPGSVVNVRVSASTATAPTPGTSADPLDGHPSSVATLSSATIDGLSKSFDFKPGTLYYFGADSALTARAAFKATDADASVKATLNGKAIDATGADVKLARGRNVIEATVTATDGITANTYRFVIDRIGLEHHHHHH
2024_07_06_00000371_1,2024_07_06,1,0,42,9fse [A],238,X_RAY DIFFRACTION,2.48,"80,79","12,35","0,61",2.1705,36.9,9.49,0.83,12.3023,"7,07","0,75",1.7430,ETGDGFCQPYRGIACARFIGNRTIYVDSLQMQGEIENRITAAFTMIGTSTHLSDQCSQFAIPSFCHFVFPLCDARSRTPKPRELCRDECEVLESDLCRQEYTIARSNPLILMRLQLPKCEALPMPESPDAANCMRIGIPAERLGRYHQCYNGSGMDYRGTASTTKSGHQCQPWALQHPHSHHLSSTDFPELGGGHAYCRNPGGQMEGPWCFTQNKNVRMELCDVPSCSPGTKHHHHHH
2024_06_29_00000064_1,2024_06_29,0,0,41,8phx [C],132,X_RAY DIFFRACTION,1.5,"92,60","2,61","0,92",0.5815,42.82,2.66,0.97,0.5614,"2,77","0,94",0.5073,GPGDISHLRVLVAEDNLVNQEVISRMLKQEGITNLTMACNGAKAIDFVKESIENNENFDLIFMDVQMPEVDGLKATKMIRKNLQYNKPIIALTAFADESNVKECLNSGMSGFITKPISKTNIKKVLVEFLSN
2024_06_29_00000074_1,2024_06_29,1,0,38,8qag [A],315,X_RAY DIFFRACTION,2.8,"93,71","2,46","0,95",0.3686,53.71,2.43,0.98,0.3322,"2,85","0,94",0.3553,GSHMGIAEALKLIAEALEVIAKALLAIALGDKELAKEALKEAEEVKKKAEKLKKEAEKKGDRIAAALALIAIALAVIALALVAIALGDKELAKKAKEEALKVLKEAEKGYKEAKKQGDEIAAALYLIAIALAAIALALVAIALGDEELAKKAKELAEKVKEEAEKRYKEAEKQGDEIAKALYLIAIALAAIALALVAIALKDEKLAKEALKLALEVKKKSEEEYEEAKKQGNEIAKALYLIAIALAAIALALVAIALKDEELAEEAKEEAEKVKEEAEKQAKEAKEQGNEIAKSLYKIAISLAEIALSLAEIAKS
2024_06_29_00000075_1,2024_06_29,1,0,40,8qah [B],429,X_RAY DIFFRACTION,2.35,"93,96","2,76","0,95",0.3007,58.36,2.57,0.97,0.2743,"2,68","0,96",0.3321,GSHMLIYQAIKLIAQAIKVIAEAIKAIAEGDKERAKEAAEKARELYEKALELYKEAKKEGDLIAAAIALIAAAIAVIALAIAAIAAGDKELAKEAAELAKEIYKLAEKLYKEAKKKGDLIAAAIALIAAAIAVIALAIAAIAAGDKELAKEAAKLAKEVYKEAEELYREARKKGDLIAAAIALIAAAIAVIALAIAAIAAGDKELAKKAAELAEKVYKEALKVYKEARKKGDLIAAAIALIAAAIAVIALAIAAIAAGDKELAKKAAELAKKVLELAREIAKEARKKGDLIAAAIALIAAAIAVIALAIAAIAAGDKEEAKEAYELAKEVYKEALEIAKEARKKGDYIAAAIAAIAAAIAVIAAAIAAIAAGDKEEAKEAYKLAKEAKEKAKEIAKEAKKAGDKIAAAIAEIAQAIAEIAQAIAEIALK
2024_06_29_00000078_1,2024_06_29,1,0,40,8qkd [A],284,X_RAY DIFFRACTION,1.9,"87,54","3,82","0,90",0.3713,49.96,2.61,0.97,0.431,"3,78","0,91",0.3738,GSHMEIAATLQEIAKTLAEIAITLAEIAKTLKPESEEAKKAEEEAEKAAKEVEEAIKYAKEHPNSLEAVAKTLQAIAKTLATIAKTLAYIAKTLKPESEEAEKAEEEAKKAAERTEKAIKYAQAHPNSLEAVAKTLLAIAWTLAVIAWTLAYIAKTLDPESEEAEKAKKAAEEAKKKVEEAEKIAQKDPESLEAVAKTLAAIAATLAVIAKTLAYIAKTLDPKSEEAKKAKEKAEAAAKKAAEAIEKAEKDPESLEAIAETLKAIADTLKVIAETLKTIAKTLK
2024_06_29_00000092_1,2024_06_29,1,0,40,8qzn [A],347,X_RAY DIFFRACTION,1.4,"83,83","10,56","0,63",0.5545,47.93,6.15,0.9,1.4375,"4,55","0,83",0.7911,GPGSDLGKKLLEAARAGQDDEVRILLANGADVNTADETGFTPLHLAAWEGHLGIVEVLLKNGADVNANDERGHTPLHLAAYTGHLEIVEVLLKNGAGVNATDVIGTAPLHLAAMWGHLEIVEVLLKNGADAHARDKFGKTPKDLAEDNGNEDVARLAELAEYAHKASGSQDDIQKLIRDGALPELVRELSSPNESHLQMALWALSNIASGGNEQIQAVIDAGALPALVQLLSSPNEQILKEALEALVNIASGGNEQIQAVIDAGALPALVQLLSSPNELILIRALQALSNIASGGNEQKQAVKEAGALEKLEQLQSHENEKIQKEAQEALEKLQSHGGSGGKAKYKA
2024_06_29_00000103_1,2024_06_29,1,0,41,8rjx [A],182,SOLUTION NMR,0.0,"73,80","19,08","0,40",19.4559,31.85,12.99,0.81,7.7506,"14,93","0,49",18.2215,ENNAQTTNESAGQKVDSSMNKVGNFMDDSAITAKVKAALVDHDNIKSTDISVKTDQKVVTLSGFVESQAQAEEAVKVAKGVEGVTSVSDKLHVRDAKEGSVKGYAGDTATTSEIKAKLLADDIVPSRHVKVETTDGVVQLSGTVDSQAQSDRAESIAKAVDGVKSVKNDLKTKGGGHHHHHH
2024_06_22_00000101_1,2024_06_22,0,0,42,8paj [A],365,X_RAY DIFFRACTION,1.46,"90,62","3,76","0,94",0.3968,51.88,3.82,0.96,0.4637,"4,12","0,95",0.4551,MQASLEHEDARESAVTEALARAVRFLEKARTADGRWLDFRFRFVVGDRDVISSQWVTAYAGEALARAGAGPATLEPARDWLMSHSHPGGGWGFSLATPADADSTANVVRFLSHWRGAPEWDAALGEACAQLLRYWDEPGRGFRTYRPAERPSLNGWASYPGSSWCDIHLCVTALAAEALHAAGDPRHRPVLEACARLLRDSQSPEGFWEAYWWHGRTYTTTHAARLLFLLGDTGPVTRAAHWLRGAQQPGGGWGNGTGSEAAAFHTALALPVLLLDGGRARHGAALDAGLRWLLRAQQPDGSWAHVPIMRMPRPEVHAPWEDPEGCLLLPVLTDRNRLFTTATVVSALVDFLAASRSGSRGNPAS
2024_06_22_00000185_1,2024_06_22,1,0,41,8ra0 [A],499,X_RAY DIFFRACTION,1.89,"87,40","6,96","0,85",0.7361,50.31,5.84,0.93,0.6994,"5,43","0,89",0.8874,MLYEALRDIAARRPDARAVTTADGASASYAELLDLIDRTAAGLRGHGVGAGDVIACSLRNSIRYVALILAAARIGARYVPLMSNFDRADIATALRLTGPRMIVTDHQREFPDQAPPRVRLETLEAATASPREAGERYDGLFRSLWTSGSTGFPKQMVWRQDRFLRERRRWLADTGITADDVFFCRHTLDVAHATDLHVFAALLSGAELVLADPDAAPDVLLRQIAERRATAMSALPRHYEEYVRAAAGRPAPDLSRLRRPLCGGAYVSAAQLTDAAEVLGIHIRQIYGSTEFGLAMGNMSDVLQAGVGMVPVEGVGVRLEPLAADRPDLGELVLISDCTSEGYVGSDEANARTFRGEEFWTGDVAQRGPDGTLRVLGRVTETLAAAGGPLLAPVLDEEIAAGCPVLETAALPAHPDRYSDEVLLVLHPDPDRPEQELRKAVAEVLDRHGLRASIRLTDDIPHTPVGKPDKPALRRRWESGALGPVGEWHHGLEHHHHHH
2024_06_22_00000195_1,2024_06_22,1,0,38,8rq6 [A],31,SOLUTION NMR,0.0,"93,00","3,68","0,56",1.8459,13.27,1.46,0.83,2.172,"3,40","0,65",1.9952,SLSSSALIGLLVIAVAIATVIVISLVMLRKR
2024_06_22_00000205_1,2024_06_22,1,0,39,8sv7 [A],276,X_RAY DIFFRACTION,1.53,"90,96","3,10","0,94",0.3848,49.31,3.45,0.96,0.4042,"3,88","0,94",0.4009,MCIIFFKFDPRPVSKNAYRLILAANRDEFYSRPSKLADFWGNNNEILSGLDMEEGKEGGTWLGISTRGKLAALTNYLQPQLDWQARGRGELVTHFLTTDVDSLSYLKKVSMEGHLYNGFNLIAADLSTAKGDVICYYGNRGEPDPIVLTPGTYGLSNALLETPWRKLCFGKQLFLEAVERSQALPKDVLIASLLDVLNNEEAQLPDPAIEDQGGEYVQPMLSKYAAVCVRCPGYGTRTNTIILVDADGHVTFTERSMMDKDLSHWETRTYEFTLQS
2024_06_22_00000207_1,2024_06_22,1,0,28,8t7c [A],1166,X_RAY DIFFRACTION,2.55,"84,47","11,01","0,84",0.8833,42.52,12.34,0.85,0.9501,"16,67","0,68",1.2597,SIAEKSQIKRALELGTVMTVFSFRKSTPERRTVQVIMETRQVAWSKTADKIEGFLDIMEIKEIRPGKNSKDFERAKAVRQKEDCCFTILYGTQFVLSTLSLAADSKEDAVNWLSGLKILHQEAMNASTPTIIESWLRKQIYSVDQTRRNSISLRELKTILPLINFKVSSAKFLKDKFVEIGAHKDELSFEQFHLFYKKLMFEQQKSILDEFGSGSAVYLHDFQRFLIHEQQEHWAQDLNKVRERMTKFIDDTMRETAEPFLFVDEFLTYLFSRENSIWDEKYDAVDMQDMNNPLSHYWISSSHNTYLTGDQLRSESSPEAYIRCLRMGCRCIELDCWDGPDGKPVIYHGWTRTTKIKFDDVVQAIKDHAFVTSSFPVILSIEEHCSVEQQRHMAKAFKEVFGDLLLTKPTEASADQLPSPSQLREKIIIKHKKLGPRGDVDVNMEDKKDEHKQQGELYMWDSIDQKWTRHYCAIADAKLSFSDDIEQTMEEEVPQDIPPTELHFGEKWFHKKVEKRTSAEKLLQEYCMETGGKDGTFLVRESETFPNDYTLSFWRSGRVQHCRIRSTMEGGTLKYYLTDNLTFSSIYALIQHYRETHLRCAEFELRLTDPVPNPNPHESKPWYYDSLSRGEAEDMLMRIPRDGAFLIRKREGSDSYAITFRARGKVKHCRINRDGRHFVLGTSAYFESLVELVSYYEKHSLYRKMRLRYPVTPELLERYNMERDINSLYDVSRMYVDPSEINPSMPQRTVKALYDYKAKRSDELSFCRGALIHNVSKEPGGWWKGDYGTRIQQYFPSNYVEDISTADFEELEKQIIEDNPLGSLCRGILDLNTYNVVKAPQGKNQKSFVFILEPKQQGDPPVEFATDRVEELFEWFQSIREITWKIDTKENNMKYWEKNQSIAIELSDLVVYCKPTSKTKDNLENPDFREIRSFVETKADSIIRQKPVDLLKYNQKGLTRVYPKGQRVDSSNYDPFRLWLCGSQMVALNFQTADKYMQMNHALFSLNGRTGYVLQPESMRTEKYDPMPPESQRKILMTLTVKVLGARHLPKLGRSIACPFVEVEICGAEYDNNKFKTTVVNDNGLSPIWAPTQEKVTFEIYDPNLAFLRFVVYEEDMFSDPNFLAHATYPIKAVKSGFRSVPLKNGYSEDIELASLLVFCEMRPVL
2024_06_22_00000217_1,2024_06_22,0,0,39,8t9t [A],336,X_RAY DIFFRACTION,1.48,"91,47","5,10","0,90",1.8279,47.63,5.61,0.9,1.0421,"5,38","0,86",1.8093,MKHLLKAGALVALACIVTLTAGAQAHAAKRINIRLAHPMAPGNNVTVGYEKFKELVAEKSNGRVRIQLFGNCMLGSDRVTMEAAQRGTLEMASSSSPNMANFSKQWMVFDLPYITSPEHQQKLYKAIDDGELGKKLDEIAASIGLKPIMYSEYGYRNFVTTKKPIKTADDLKNLKVRTTDSPIEVAVAAALGMAPTPISWGETYTALQQGTVDGEGNTFSLLNDAKHTEVLKYAIDSAHNYSMHLLMMNKAYYDSLPANVQQILTEAGREALTYQRSITSELEKKAEDAFIEQGITVTRLSPEERAKLVERTRPVWDKFKDDIPAELIKLVQETQQ
2024_06_15_00000031_1,2024_06_15,0,0,36,8jpt [A],418,X_RAY DIFFRACTION,3.26,"94,38","2,60","0,96",0.7557,54.55,3.25,0.97,0.6815,"3,40","0,96",0.7613,GAFPWPLSGKTETALREQAAELLSVVTEHPEPGLGDVGYSLATGRAAMEHRAVVVADDRDSFVAGLTALAAGVPAANVVQGAADCKGKVAFVFPGQGSHWQGMARELSESSPVFRRKLAECAAATAPYVDWSLLGVLRGDPDAPALDRDDVIQLALFAMMVSLAELWRSCGVEPAAVVGHSQGEIAAAHVAGALSLTDAVRIIAARCDAVSALTGKGGMLAIALPESAVVKRIAGLPELTVAAVNGPGSTVVSGEPSALERLQTELTAENVQTRRVGIDYASHSPQIAQVQGRLLDRLGEVGSEPAEIAFYSTVTGERTDTGRLDADYWYQNLRQPVRFQQTVARMADQGYRFFVEVSPHPLLTAGIQETLEAADAGGVVVGSLRRGEGGSRRWLTSLAECQVRGLPVNWEQVFLNTG
2024_06_15_00000045_1,2024_06_15,1,0,39,8jvc [A],177,X_RAY DIFFRACTION,2.15,"89,87","3,18","0,92",0.4291,40.63,4.11,0.93,0.403,"3,93","0,91",0.4439,MKMFFRLTRELRDELKRPLGELVRGPIPEPYLKVRGELEKHPVVTVGDVVTENVLKIGVKPIIALYDLKTKRKEYSPEIEDTAVFLTVTNPPGTITKALLDTVRKAFGLAERGRNVHILVSGEEDLAAIPAVLYAPLGTLVLYGQPDEGVVLIKVTPECKRRCAKILASMEVVRDGD
2024_06_15_00000280_1,2024_06_15,1,0,42,8zah [A],274,X_RAY DIFFRACTION,2.1,"85,53","5,29","0,87",1.095,38.67,6.76,0.89,0.9591,"5,58","0,87",1.0926,GSAKDPMLYIYIKTQNALVQRINFNLDSQELPQNILWIDLLHPSAAEIAFISSEFNLEFPTKEEREEIELSAKYWEDNATITINAHFLVRDLKSDEEDRNLIKLRTEIVTFATAKNILFTIRYNEFSTFEEIQARILASPKNFEDGFDIIDKMFEVRVEKDADLLEWIDKEARRLRTSVLEKKDEYSYDEMLKDISSLQELNMRVRDSLFDKRRAMTSLLKSDKIDKDIKQNLTIVLKDLNSLVEFSVSQLNILDNIQTILASQINIEQNKIIK
2024_06_08_00000029_1,2024_06_08,1,0,42,8jnt [A],77,X_RAY DIFFRACTION,2.201,"87,97","5,05","0,77",0.68,34.09,2.51,0.95,0.6194,"8,13","0,61",1.8345,RALDRSIVKNLPEQFKNMYKYPSKMDNVLESWRTGLQSVDDAVMYMKSLGMDFDAISHFVDAYRKHINKKGLPYAAA
2024_06_08_00000130_1,2024_06_08,0,0,38,8tyu [A],181,X_RAY DIFFRACTION,1.4,"88,09","5,91","0,83",0.5677,36.52,4.26,0.91,1.368,"5,67","0,85",1.1794,GSGTMKFAEHLSAHITPEWRKQYIQYEAFKDMLYSAQDQAPSVEVTDEDTVKRYFAKFEEKFFQTCEKELAKINTFYSEKLAEAQRRFATLQNELQSSGSGSGDLKLAFSEFYLSLILLQNYQNLNFTGFRKILKKHDKILETSRGADWRVAHVEVAPFYTCKKINQLISETEAVVTNELE
2024_06_08_00000197_1,2024_06_08,0,0,33,8w72 [A],428,X_RAY DIFFRACTION,3.25,"86,88","6,05","0,90",0.7169,44.73,7.58,0.89,1.0233,"5,69","0,91",0.9270,MGSSHHHHHHSSGLVPRGSHMAEETSRTPEVLGEDFIRDPYPVYARLRERAPVAHVVLGGAPMWLVLRHEAARAALTDPGLHKDPERCARLAARHAGVDPVEQPAEKSPGQRMLVEHMLGMDPPHHTRLRKLVAKAFTARQIQALRPRIEHTVGALLDGIAGQGEVDLLKAFAFPLPLTVISEMIGVPQADQAAFGAWSNALTVAVQPQEMHGIADRMAEYLTGLIAAKRAAPDDDLISGLIQARDHEDRLSENELVSMVFQLLVAGYETTAHLIGNGMLALLRHPDQLAALRADRSLLRGAVEEISRYDNSLHLNTLSVTSEPVRIGGVRIPADAFVIVSLGAANHDPERFEDPERFDIRREAGGHLAFGHGIHHCMGAPLARLQTEIAVGALLDRFPRIELAVAPAELRREMNLTRGLESLPVRLG
2024_06_01_00000035_1,2024_06_01,1,0,34,8jms [A],250,X_RAY DIFFRACTION,2.2,"86,60","8,28","0,83",0.3964,41.41,5.11,0.93,0.4616,"7,18","0,86",0.6228,MGSSHHHHHHSSGLVPRGSHMPLGTEGFTVIDLPEVAPDILPSYDRCPVDDYMGNGTRFKRFSQYKLTPAEDDTWSFKRLPHRDYTTYKKFNPVGGGIRRVYEPIEVDFTPLIAEGIRELGLDRSEPWQINVHQNRTRADGGRPGPLTPEGVHHDGHEFVMIAILNKVNVAGGTTRLWKPGADAPFWSGTLEAGQAVLLDDRGLAHDVTDVLSADGGPGHRDIVIIAFSRWAEKWYGDEHDAAALEEQEA
2024_06_01_00000282_1,2024_06_01,0,0,38,9bzb [A],275,X_RAY DIFFRACTION,1.95,"96,25","1,96","0,96",0.3759,52.65,2.19,0.98,0.4616,"3,56","0,93",0.4517,SNAALDPSQPLSPAPPLSLFKAWAKPIKPFQITEGVWYVGTKNLSSILLTTPAGHILIDAGLDESAPQIKANIEAAGFRLTDVRYLLNSHARLDQAGGMARLKAWSGAQLVASQPNADQMARGGRQDFALGDALPFPPVTTDKIIHHQESIILGGITVTALFTPGHLPGSTSWRVTLRNGKTLIYADSLATPDYLLINNKNYPDLVTDIQSSFKTLAAQHVDIFIANKGDHFGLLEKRQQLRNGDTQAFFDSNGLQQYVERSRQRFITQLTAQQP
2024_05_25_00000114_1,2024_05_25,1,0,35,8f9q [A],505,X_RAY DIFFRACTION,2.76,"91,64","5,42","0,92",0.5874,52.09,4.62,0.95,0.5711,"5,16","0,94",0.6731,DRHHHHHHKLIGFRFASYIDNYMVLQKEPAGAVIWGFGIPGATVTVTLCQGQQAIMKKVTSVKAHTNTWMVVLDPMKPGGPYEVMAQQSLWSRNFTVQVHDVLFGDVWLCSGQSNMQMTVLQIFNAVRELSDTAAYQSVRLLSVSLTEAEEELQDLNAVDLQWSKPTKENLGNGDFTYMSAVCWLFGRYLYDTLQYPIGLISSCWGGTPIEAWSSERSLKACGVPTKGSLLSDSVSGPSQNSILWNAMIHPLQNMTLKGVLWYQGESNVNYNKDLYNCTFPALIEDWRQTFHSGSQGQTERVFPFGFVQLSSYLSTADDPPVGVPQIRWHQTADLGFVPNRRMPNTFMAVALDLCDRTSPFGSIHPRDKQTVAYRLHLGARAVAYGEKNLTFQGPLPEKIELLSTDGLLNLTYHQSIQVLRQDLQIFEISCCSDRQCKWLPAPMNTFTSQTLTLSIRSCRGTVAAVRYAWTPWPCEYKQCPLYHPSSALPAPPFLAFITDQASRH
2024_05_25_00000115_1,2024_05_25,1,0,34,8f9r [A],501,X_RAY DIFFRACTION,2.97,"91,45","5,31","0,92",0.6647,52.18,4.68,0.96,0.6719,"4,63","0,94",0.8038,DRHHHHHHKLVGFRFASYISDYMVLQKEPAGAVIWGFGIPGATVRVILYRGQEAIMEKVTQVKAQSSNTWMVVLDPVKPGGPFEVMAQQTLGRMNSTLRIHNVLFGDVWLCSGQSNLKMTVSQIFNATKEMYNIAPYQSVRIMSVSLVEAEEELEDLTEIDLPWSKPTPGNLGHGNFTYMSALCWLYGRYLYDTLRYPVGLVSSVWGGTAIEAWSSERVLKACNVPDHGYIPEESVTGPREHSVVWNAMVHPLCNMTLKGVLWYQGESNMDYNRNLYNCTFPALIEDWRQTFHRGSQGQTERFFPFGFVQLSSYLAPPSPDEGFPHIRWHQTADFGYVPNVKMPNTFMAVTMDLGDRDSPFGSVHPRDKQTVAYRLHLGARAVVYGEKNLIFQGPLPEKIELLARQELINITYHQQIQLQRQDNKIFQISCCSNHQCKWLPAPMSTFSTRTLTLNTKPCRDSVAAVRYAWDSWPCEYKQCPIYHPSSTLPAPPFVAFINGR
2024_05_25_00000263_1,2024_05_25,0,0,38,8v8l [A],237,X_RAY DIFFRACTION,1.74,"89,78","6,26","0,87",0.4067,44.66,5.94,0.92,0.3862,"5,83","0,88",0.5759,MAAVSEVAVDGVVFPPVARPPGSGRSHFLAGAGVRGMEIGGNFIKFTAIGVYLEEGAAVSALAKKWAGKSADELAADAAFFRDVVTGDFEKFTRVTMILPLTGEQYSGKVTENCVAYWKAVGVYTDAEGAAVDKFKEAFKPETFPPGASILFTHSPAGVLTVAFSKDSSVPESGGVAIDNKPLCEAVLESIIGEHGVSPAAKLSVAARVSELLKEASPAGGAPQAAAEPAVPVSAEF
2024_05_25_00000267_1,2024_05_25,0,0,33,8v8p [A],231,X_RAY DIFFRACTION,3.18,"91,72","4,41","0,90",0.5268,45.1,5.2,0.92,0.5126,"5,45","0,88",0.6090,MAVPEVVVEGVVFPPVARPPGSAGSHFLGGAGVRGIEIGGNFIKFTAIGVYLEDAAVSALAKKWAGKTADELASDAAFFRDVVTGDFEKFTRVTMLLPLTGEQYAGKVTENCVAFWKAVGLYTDAEGVAVEKFKEAFKPETFPPGASILFTHSSTGVLTVAFSKDSSVPASGGVAIENKHLCEAVLESIIGEHGVSPAAKLSLAARVSELLTKGTAGAADAPQAEPVSVTA
2024_05_18_00000000_1,2024_05_18,0,0,36,8bl5 [A],148,X_RAY DIFFRACTION,2.65,"84,03","8,78","0,78",0.5341,35.86,5.6,0.89,0.6095,"7,70","0,80",0.6398,MGSSHHHHHHSSGLVPRGSMLPTAEEVQKLMARYIELMDVGDIEAIVQMYADDATVEAPFGAPPIHGRERIAYFYRRMLGEGIARATLTGPVRASHNGTGAMPFRVEYVFNGQPYAMDVRVEMRFDEHGRIQTMQAYWSEVNDSVREP
2024_05_18_00000019_1,2024_05_18,0,0,38,8ixt [A],427,X_RAY DIFFRACTION,1.2,"84,89","12,55","0,74",0.8584,44.77,7.86,0.9,0.8609,"10,00","0,79",2.0415,GSSHHHHHHSSGDDDDKGEFCVIPKMDGQLVEKLGQRLLPWMDRLSSEQLNPSIYVGLRLSSMQAGTKENLYLHNLKLHYQQCLLRSTSSDDNSGCQTKISGGSLALYLLALRANCELLGSRKGDRMVSQLKWFLEDEKKAIGHHHEGHPHTSYYQYGLSILALCVHRKRVHDSVVGKLLYAVEHDYFTYQGHLSVDTEAMAGLAFTCLERFNFNSDLRPRITTAIETVREKILKAQAPEGYFGNIYSTPLALQMLMTSPGVGLGPACLKARKSLLLSLQDGAFQNPMMISQLLPVLNHKTYLNLISPDCQAPRVMLVPATEDPVHLSEVSVTLKVSSVLPPYERTVSVFAGASLEDVLNRARDLGEFTYGTQASLSGPYLTSVLGKEAGDREYWQLLRVPDTPLLQGIADYKPKNGETIELRLVKM
2024_05_18_00000044_1,2024_05_18,1,0,37,8jrb [A],597,X_RAY DIFFRACTION,2.2,"89,39","5,76","0,91",0.8217,45.65,6.44,0.91,0.9215,"5,65","0,92",0.9349,MHHHHHHLEVLFQGPLGSEFRAGMTFEYITGKTGLKEICKRLEKSPYLYLATATTGNRIRLVQLGDDEKTYVIDLYEIHDITPLRELISEKGVIGHNLKFDLHYLMNYQIEPLATFDTMIASFLLGYERHSLNHLVGNLLGYTLDKSYQLSDWGAPVLSDAQLKYAAKDVDVLRELFPKLRDMLNELEGERGEELLKTRTARIFGLKSPVAIVEMAFVKEVAKLERNGLPVDIETLESTLKDIERKTQKKVQEFLIKFRVDPFSPKQVGQLLTSKYKLNLPRTQKGNVSTDDKVLSSYAHVEPVRLLLEIRKLKKLSDKFKEIKENLKGDRLYPEFKQIGAVTGRMSSLKPNVQNVPREERAIFKAPEGNTFVIADFSQIELRIAAEYVNEELMIRAFREGKDLHRYTASLVLGKREEEITKEERQLAKAINFGLIYGISAKGLAEYARTGYGVEISEEEAETFRNRFFKNFKAFKLWHEKVKKELKEKGVFRGRTLLGRRFTATTFNDAVNYPIQGTGADLLKLAVLLFDAEAKKKKLDAKLVNLVHDEIVVECRKEVANQVKEVLEKAMKQAGKIILKKVPVEVESVINERWIKD
2024_05_18_00000079_1,2024_05_18,0,0,38,8qlc [A],627,X_RAY DIFFRACTION,1.8,"94,24","3,37","0,94",0.9744,53.43,4.25,0.94,1.1152,"5,05","0,89",2.9493,ASSDTKTYSSTFSGNPTTFNYLLDYYADNTAIITNLVDGLLENDNHGNLVPSLAEDWSVSSDGLTYTYKLRKDAKWFTADGEEYSPVKAQDFVTGIKYAVDNKSQAIDLIQNSIKGLNDYITGADSDFSKVGVKAIDDQTVEYTLARPEPYWNSKTTNSILFPVNEEFLNSKGKDFGTLSPDSILYSGPYLLKDFTSKSSIEYVKNPHYYDHDKVSIEHVKLAYFDGSDQELTIRNFESGAYSIAGVYPNSSNFAKTKEKYKDNIVYSLQDKTSWYFNFNVNRKAYNHTSKTTDEQKKSTETAVLNKNFRQAVNFALDRTAYSAQSNGEEAASKTLLNTLVPPTFVQVGDKTFGEVVASKLVNYGTEWSGINLADAQDAYFNKEKAQAKFAEAKKELTSQGVTFPIHLDVAVDQTSKNAVTGMNSVKQTLESVLGSDNIVIDVQQLSTDDFNNVAFLAPTAADRDYDFNFDGWVGDYQDPSTYLNPFNAEDGFYLKIFGLDAKEDKEKITSLGLDTYTKMLKDADRENKDVAKRYEKYAEAQAWMIDNSLIMSAMSSGGTASVTKVTPFTRGYSLVGIKGDGNNYKYMKLQKDTVTTKQFEEAKSKWEQESKKAIEKAQKEAEKHVK
2024_05_18_00000108_1,2024_05_18,1,0,33,8r8o [A],275,X_RAY DIFFRACTION,2.15,"86,90","5,32","0,85",1.9531,43.98,5.37,0.93,1.7352,"5,00","0,86",1.7925,MDKDEAWKQVEQLRREGATRIAYRSDDWRDLKEAWKKGADILIVDASRLREAADAARAAGEATGDEELIAKAEAYRDEAWKQVEQLRREGATEIAYRSDDWRDLKEAWKKGADILIVDGLRRGRIARELERLAKEEGDPALLAAAEAAREAAWKQVEQLRREGATRIAYRSDDWRDLKEAWKKGADILIVDNRARLRRAEEEVAETGDPDNEELIRETRERAREEGWKQVEQLRREGATEIAYRSDDWRDLKEAWKKGADILIVDATLEHHHHHH
2024_05_18_00000178_1,2024_05_18,1,0,41,8w26 [A],429,X_RAY DIFFRACTION,2.6,"62,68","19,55","0,44",2.7814,34.64,12.52,0.76,3.4419,"8,14","0,81",3.0034,MDTETWAAAARPSRDALINRITHQIRQSLELDQILRATVEEVRAFLGTDRVKVYRFDPEGHGTVVAEARGGERLPSLLGLTFPAGDIPEEARRLFRLAQVRVIVDVEAQSRSISQPESWGLSARVPLGEPLQRPVDPCHVHYLKSMGVASSLVVPLMHHQELWGLLVSHHAEPRPYSQEELQVVQLLADQVSIAIAQAELLEQARQKAQQERLINQIAALVYSPLHPETTLTTVLEQLAAGLQGIGARLRIHFMGADTLCCHGVQPPASYDTWLQEQLGRAGGAGGWVKMWSLSHLEKWPELQEQMKQTPIRGLLVAQLAWNDQPVGWLSVFRGAVYQETHWAGYRWFTQGDPRQELPLISFAAWRELKIDEPKAWSAAEQELMSRVGVHLALSITQNQLYRQLQTLNARLEQEVQERTAASLHHHHHH
2024_05_18_00000179_1,2024_05_18,0,0,38,8w53 [B],488,X_RAY DIFFRACTION,2.42816,"89,13","4,61","0,93",0.4839,49.21,5.68,0.93,0.6143,"4,81","0,93",0.6314,GSGEFMKETKNIELIFIPCPGIGHLVSTVEMAKLLITREKHMSITVLIIQLPNDNKLSSYIKSVSNFSSNLKFIQLPQDESVLQLLKGNIFSSFIPGHKPAVRDAVAEILKSESDITLAGIVIDLFCTSMIDVANELELPTYVFYTSNAASLGLQFHMQSLSDEFNIDITNYKNNPEAELSISTYLNPFPAKCLPSIALDKEGGGSTMYLDLTRRIRETKGIMINTFVEIEPHAINSLLRDKNIPPVYPVGPVLNLNNVESDKLSESDKNIMKWLDDQSPASVVFLCFGSGGSFKKDQVKEIAYALENSGCQFLWSLRQPPEKDARFPSDYENFEEVLPEGFLQRTQRIGKVMGWAPQLAILSHKAVGGFVSHCGWNSTLESIYFGVPMATWPMYAEQQGNAFQLVKDLGMAVEIKMDYRKDPKVMGQEIIVKAEKIEKAIRELMDPENEIWMKVKNMKEKGRAATMEGGSSYNCIGGFIQSIMENTR
2024_05_18_00000180_1,2024_05_18,1,0,38,8w6v [A],536,X_RAY DIFFRACTION,1.8,"86,51","7,29","0,88",0.7751,48.92,7.02,0.93,0.8647,"6,93","0,90",1.2992,MDMSMNGCDGDFKTPLGTVETRTMTAVLSPAAATERLISAVSELKSQPPSFSSGVVRLQVPIDQQIGAIDWLQAQNEIQPRCFFSRRSDVGRPDLLLDLANENGNGNGNGTVSSDRNLVSVAGIGSAVFFRDLDPFSHDDWRSIRRFLSSTSPLIRAYGGMRFDPNGKIAVEWEPFGAFYFSVPQVEFNEFGGSSMLAATIAWDDELSWTLENAIEALQETMLQVSSVVMKLRNRSLGVSVLSKNHVPTKGAYFPAVEKALEMINQKSSPLNRVVLARNSRIITDTDIDPIAWLAQLQREGHDAYQFCLQPPGAPAFIGNTPERLFQRTQLGVCSEALAATRPRAASSARDMEIERDLLTSPKDDLEFSIVRENIREKLNGICDRVVVKPQKTVRKLARVQHLYSQLAGRLTKEDDEYKILAALHPTPAVCGLPAEEARLLIKEIESFDRGMYAGPIGFFGGEESEFAVGIRSALVEKGLGALIYAGTGIVAGSDPSSEWNELDLKISQFTKSIEYEATTSLQAINHHHHHHHHHH
2024_05_18_00000209_1,2024_05_18,0,0,36,8xje [B],153,X_RAY DIFFRACTION,2.1,"90,12","4,92","0,77",0.9707,32.72,4.21,0.92,1.4614,"4,96","0,76",4.9759,GSAKDPMTLKEQILNDIKEAMKQKDDFKRDSLRTLNAAFKQIEVDERIELDNERIYKIIASEIKKRKDAIELYLKANREDLAQKEQNEISLFEIYLPKQLSDEELTLALKQLIEELGVSSLKEQGLVMKEAKIKLGASVDGKRLNLALKELLQ
2024_05_18_00000210_1,2024_05_18,0,0,36,8xjg [A],153,X_RAY DIFFRACTION,1.7,"92,75","3,93","0,83",3.7603,34.29,3.96,0.92,5.0323,"5,26","0,74",3.8131,GSAKDPMALIDQLKEEQKLAMKAKDKLRLGTIRLALAAIKQREVDEQITLNDDDILAVLTKMVKQRRDSVTQYEAAGRQDLADVEQAEITVLEEFMPQPLTEEEVAALIEKAIAESGAAGMQDMGKVMGVLKPQIQGRADMGKVSGLVRAKLA
